method,k,alpha,beta,vocab_size,avg_real_kmers,alpha_pseudo_mass,alpha_pseudo_real_ratio,silhouette_score,mean_functional_silhouette,mean_pathological_silhouette,mean_within_class_distance,mean_between_class_distance,within_between_ratio,dunn_index,nearest_neighbor_accuracy,matrix_file
SIWKL,15,1.0,1.0,199251,227870.9,199251.0,0.8744030062636344,0.044396251871926314,-0.017443400971244038,0.10623590471509667,0.0018396333275131388,0.0019248063611021027,0.9557498170672111,0.9049289342326731,0.8,SIWKL_matrix_k15_alpha1p0_beta1p0.txt
SIWKL,15,1.0,0.1,199251,227870.9,199251.0,0.8744030062636344,0.04363329825082812,-0.017107494441686154,0.1043740909433424,0.0018113652114441867,0.0018937302061486083,0.9565064788864871,0.9058656669191265,0.8,SIWKL_matrix_k15_alpha1p0_beta0p1.txt
SIWKL,15,1.0,0.01,199251,227870.9,199251.0,0.8744030062636344,0.043519231393300925,-0.017067258697118778,0.10410572148372063,0.0018072992832557841,0.0018892555873251692,0.9566197900277644,0.905997350939787,0.8,SIWKL_matrix_k15_alpha1p0_beta0p01.txt
SIWKL,15,1.0,0.001,199251,227870.9,199251.0,0.8744030062636344,0.04350721422913958,-0.01706313945887832,0.10407756791715747,0.0018068730448904161,0.0018887864458884825,0.9566317297668162,0.9060111198664218,0.8,SIWKL_matrix_k15_alpha1p0_beta0p001.txt
SIWKL,15,1.0,0.0001,199251,227870.9,199251.0,0.8744030062636344,0.04350600601126754,-0.017062726529469767,0.10407473855200484,0.0018068302123586167,0.0018887393014351778,0.9566329302226508,0.9060125031381041,0.8,SIWKL_matrix_k15_alpha1p0_beta0p0001.txt
SIWKL,15,1.0,1e-06,199251,227870.9,199251.0,0.8744030062636344,0.04350587303466248,-0.01706268109601474,0.1040744271653397,0.0018068254984490322,0.0018887341129727908,0.956633062345214,0.906012655369241,0.8,SIWKL_matrix_k15_alpha1p0_beta1em06.txt
SIWKL,15,0.1,1.0,199251,227870.9,19925.100000000002,0.08744030062636345,0.04411401672427564,-0.006349022924522739,0.09457705637307401,0.010744349782841212,0.011240165758766857,0.9558889088856248,0.9065060074435018,1.0,SIWKL_matrix_k15_alpha0p1_beta1p0.txt
SIWKL,15,0.1,0.1,199251,227870.9,19925.100000000002,0.08744030062636345,0.043345580281662174,-0.006258763353196502,0.09294992391652086,0.010584508637160867,0.011064062106643947,0.9566566542323448,0.9074407465784333,1.0,SIWKL_matrix_k15_alpha0p1_beta0p1.txt
SIWKL,15,0.1,0.01,199251,227870.9,19925.100000000002,0.08744030062636345,0.043230518553005394,-0.006252837478415607,0.0927138745844264,0.010561476641033452,0.011038659561773127,0.9567716607193721,0.9075716228486044,1.0,SIWKL_matrix_k15_alpha0p1_beta0p01.txt
SIWKL,15,0.1,0.001,199251,227870.9,19925.100000000002,0.08744030062636345,0.04321839466572242,-0.0062523045580657206,0.09268909388951056,0.01055906166686722,0.011035995691689546,0.9567837793574464,0.9075853006901924,1.0,SIWKL_matrix_k15_alpha0p1_beta0p001.txt
SIWKL,15,0.1,0.0001,199251,227870.9,19925.100000000002,0.08744030062636345,0.04321717569853258,-0.006252251912272973,0.09268660330933813,0.010558818982028406,0.011035727991426719,0.9567849978026998,0.9075866747429653,1.0,SIWKL_matrix_k15_alpha0p1_beta0p0001.txt
SIWKL,15,0.1,1e-06,199251,227870.9,19925.100000000002,0.08744030062636345,0.04321704153864236,-0.006252246128468322,0.09268632920575304,0.010558792273432812,0.01103569852972891,0.9567851319052104,0.9075868259587888,1.0,SIWKL_matrix_k15_alpha0p1_beta1em06.txt
SIWKL,15,0.01,1.0,199251,227870.9,1992.51,0.008744030062636344,0.04406688229390676,-0.0026372854016323546,0.09077104998944588,0.022142338642232664,0.023163540166566268,0.9559134088748842,0.9074354342973248,1.0,SIWKL_matrix_k15_alpha0p01_beta1p0.txt
SIWKL,15,0.01,0.1,199251,227870.9,1992.51,0.008744030062636344,0.04329500393312905,-0.0026310810576597246,0.08922108892391782,0.021816446737337465,0.022804203054384086,0.9566853393345519,0.9083601049293264,1.0,SIWKL_matrix_k15_alpha0p01_beta0p1.txt
SIWKL,15,0.01,0.01,199251,227870.9,1992.51,0.008744030062636344,0.04317939682511272,-0.00263692615239782,0.08899571980262329,0.021769461639704505,0.022752340565259082,0.9568009751464712,0.90848940903197,1.0,SIWKL_matrix_k15_alpha0p01_beta0p01.txt
SIWKL,15,0.01,0.001,199251,227870.9,1992.51,0.008744030062636344,0.0431672151684536,-0.00263762397195601,0.08897205430886321,0.02176453479851244,0.022746901596511097,0.9568131600767406,0.9085029204602852,1.0,SIWKL_matrix_k15_alpha0p01_beta0p001.txt
SIWKL,15,0.01,0.0001,199251,227870.9,1992.51,0.008744030062636344,0.04316599038996177,-0.0026376949705989015,0.08896967575052246,0.021764039688720004,0.022746355014790408,0.9568143851869159,0.9085042777737025,1.0,SIWKL_matrix_k15_alpha0p01_beta0p0001.txt
SIWKL,15,0.01,1e-06,199251,227870.9,1992.51,0.008744030062636344,0.04316585559044433,-0.0026377027940547595,0.08896941397494343,0.021763985199548412,0.02274629486081168,0.9568145200229672,0.9085044271471001,1.0,SIWKL_matrix_k15_alpha0p01_beta1em06.txt
SIWKL,15,0.001,1.0,199251,227870.9,199.251,0.0008744030062636344,0.04405231995315552,-0.0011568928039198843,0.08926153271023093,0.03331818341122329,0.0348545018608195,0.9559219507502642,0.9078362929742692,1.0,SIWKL_matrix_k15_alpha0p001_beta1p0.txt
SIWKL,15,0.001,0.1,199251,227870.9,199.251,0.0008744030062636344,0.04327891284955976,-0.0011845493877083249,0.08774237508682783,0.032829899810673836,0.034315931571390325,0.9566955727946662,0.9087562135073938,1.0,SIWKL_matrix_k15_alpha0p001_beta0p1.txt
SIWKL,15,0.001,0.01,199251,227870.9,199.251,0.0008744030062636344,0.04316306697526326,-0.0011951382794091595,0.08752127222993568,0.03275948643075932,0.03423818350581112,0.9568114624188276,0.9088847888830297,1.0,SIWKL_matrix_k15_alpha0p001_beta0p01.txt
SIWKL,15,0.001,0.001,199251,227870.9,199.251,0.0008744030062636344,0.043150860064133406,-0.0011963321179738113,0.08749805224624062,0.03275210272259532,0.03423002963854989,0.9568236740791447,0.9088982233224864,1.0,SIWKL_matrix_k15_alpha0p001_beta0p001.txt
SIWKL,15,0.001,0.0001,199251,227870.9,199.251,0.0008744030062636344,0.0431496327455434,-0.0011964529486287565,0.08749571843971556,0.03275136071460336,0.03422921022474107,0.9568249018766577,0.908899572893156,1.0,SIWKL_matrix_k15_alpha0p001_beta0p0001.txt
SIWKL,15,0.001,1e-06,199251,227870.9,199.251,0.0008744030062636344,0.04314949766645156,-0.0011964662561765003,0.08749546158907964,0.032751279053097486,0.034229120044239995,0.9568250370084755,0.9088997214143624,1.0,SIWKL_matrix_k15_alpha0p001_beta1em06.txt
SIWKL,15,0.0001,1.0,199251,227870.9,19.9251,8.744030062636345e-05,0.04404560641676926,-0.00039804556317525705,0.08848925839671377,0.044392640863498194,0.0464393999962541,0.9559262364948513,0.9080439779306883,1.0,SIWKL_matrix_k15_alpha0p0001_beta1p0.txt
SIWKL,15,0.0001,0.1,199251,227870.9,19.9251,8.744030062636345e-05,0.043271385834970796,-0.0004431499864274841,0.08698592165636906,0.04374348691785678,0.045723271377522856,0.9567007259100162,0.908961396849763,1.0,SIWKL_matrix_k15_alpha0p0001_beta0p1.txt
SIWKL,15,0.0001,0.01,199251,227870.9,19.9251,8.744030062636345e-05,0.043155413488912046,-0.00045618310249566265,0.08676701008031976,0.043649864399573086,0.0456198792493775,0.9568167456332911,0.9090895894857723,1.0,SIWKL_matrix_k15_alpha0p0001_beta0p01.txt
SIWKL,15,0.0001,0.001,199251,227870.9,19.9251,8.744030062636345e-05,0.04314319320708205,-0.0004576325104129721,0.08674401892457707,0.0436400468014743,0.045609035809317036,0.9568289709943724,0.9091029835014313,1.0,SIWKL_matrix_k15_alpha0p0001_beta0p001.txt
SIWKL,15,0.0001,0.0001,199251,227870.9,19.9251,8.744030062636345e-05,0.04314196454372888,-0.00045777901653762376,0.08674170810399538,0.04363906020427531,0.04560794610846708,0.9568302001693024,0.9091043290068141,1.0,SIWKL_matrix_k15_alpha0p0001_beta0p0001.txt
SIWKL,15,0.0001,1e-06,199251,227870.9,19.9251,8.744030062636345e-05,0.04314182931662711,-0.00045779514971123385,0.08674145378296545,0.04363895162455046,0.045607826181538164,0.956830335452719,0.9091044770805823,1.0,SIWKL_matrix_k15_alpha0p0001_beta1em06.txt
SIWKL,15,1e-06,1.0,199251,227870.9,0.19925099999999998,8.744030062636343e-07,0.044039315895956443,0.0003656067124589564,0.08771302507945393,0.06650286531125624,0.0695687218476868,0.9559305323570135,0.9082531763660737,1.0,SIWKL_matrix_k15_alpha1em06_beta1p0.txt
SIWKL,15,1e-06,0.1,199251,227870.9,0.19925099999999998,8.744030062636343e-07,0.04326425743179281,0.00030287728043679543,0.08622563758314883,0.06553254302067998,0.06849810736990967,0.9567058935918509,0.9091680584520319,1.0,SIWKL_matrix_k15_alpha1em06_beta0p1.txt
SIWKL,15,1e-06,0.01,199251,227870.9,0.19925099999999998,8.744030062636343e-07,0.043148155177568336,0.00028737538929606856,0.08600893496584061,0.06539258472601697,0.06834351814033345,0.9568220440707024,0.9092958632838003,1.0,SIWKL_matrix_k15_alpha1em06_beta0p01.txt
SIWKL,15,1e-06,0.001,199251,227870.9,0.19925099999999998,8.744030062636343e-07,0.04313592116564717,0.00028566784879266156,0.08598617448250168,0.06537790799880658,0.06832730510037173,0.9568342832015322,0.9093092163445625,1.0,SIWKL_matrix_k15_alpha1em06_beta0p001.txt
SIWKL,15,1e-06,0.0001,199251,227870.9,0.19925099999999998,8.744030062636343e-07,0.04313469112142434,0.0002854954097255369,0.08598388683312315,0.06537643309252641,0.06832567578471903,0.9568355137608137,0.9093105577312857,1.0,SIWKL_matrix_k15_alpha1em06_beta0p0001.txt
SIWKL,15,1e-06,1e-06,199251,227870.9,0.19925099999999998,8.744030062636343e-07,0.04313455574233922,0.0002854764225914929,0.08598363506208695,0.06537627077203771,0.06832549647050781,0.9568356491965907,0.9093107053517432,1.0,SIWKL_matrix_k15_alpha1em06_beta1em06.txt
SIWKL,21,1.0,1.0,219315,227864.9,219315.0,0.9624782052874313,0.052736681217411985,-0.05132085814847315,0.15679422058329712,0.0025618150460532943,0.002700435203322653,0.9486674751170483,0.8952348461346349,0.5,SIWKL_matrix_k21_alpha1p0_beta1p0.txt
SIWKL,21,1.0,0.1,219315,227864.9,219315.0,0.9624782052874313,0.05185228553904427,-0.0510252616538233,0.15472983273191188,0.00252286344436902,0.0026569467109627287,0.9495348303221617,0.8959104610981538,0.5,SIWKL_matrix_k21_alpha1p0_beta0p1.txt
SIWKL,21,1.0,0.01,219315,227864.9,219315.0,0.9624782052874313,0.051719987521565036,-0.050989746336939444,0.15442972138006955,0.002517252348402219,0.0026506738333474155,0.9496650688339484,0.8960078645876612,0.5,SIWKL_matrix_k21_alpha1p0_beta0p01.txt
SIWKL,21,1.0,0.001,219315,227864.9,219315.0,0.9624782052874313,0.05170604855831257,-0.05098610975682134,0.15439820687344646,0.002516664029569648,0.002650016024656683,0.9496787967143288,0.8960180916892729,0.5,SIWKL_matrix_k21_alpha1p0_beta0p001.txt
SIWKL,21,1.0,0.0001,219315,227864.9,219315.0,0.9624782052874313,0.05170464710918647,-0.050985745205652376,0.15439503942402533,0.002516604908638471,0.002649949919545704,0.9496801770011967,0.8960191195931552,0.5,SIWKL_matrix_k21_alpha1p0_beta0p0001.txt
SIWKL,21,1.0,1e-06,219315,227864.9,219315.0,0.9624782052874313,0.05170449286539688,-0.05098570509505881,0.15439469082585258,0.0025165984021074264,0.0026499426443617555,0.9496803289165358,0.8960192327206228,0.5,SIWKL_matrix_k21_alpha1p0_beta1em06.txt
SIWKL,21,0.1,1.0,219315,227864.9,21931.5,0.09624782052874313,0.05211161377764778,-0.046541530081338434,0.150764757636634,0.01568620724486982,0.016528532621533316,0.949038103021552,0.8948829693309344,0.5,SIWKL_matrix_k21_alpha0p1_beta1p0.txt
SIWKL,21,0.1,0.1,219315,227864.9,21931.5,0.09624782052874313,0.05123420574129813,-0.04634427648356817,0.14881268796616445,0.015451809217183388,0.016266687543387535,0.9499050852221356,0.8956107294628277,0.5,SIWKL_matrix_k21_alpha0p1_beta0p1.txt
SIWKL,21,0.1,0.01,219315,227864.9,21931.5,0.09624782052874313,0.05110271470783978,-0.04632262915340162,0.1485280585690812,0.015418012486059238,0.01622888190447544,0.9500354107455432,0.8957147175851484,0.5,SIWKL_matrix_k21_alpha0p1_beta0p01.txt
SIWKL,21,0.1,0.001,219315,227864.9,21931.5,0.09624782052874313,0.05108885805853743,-0.04632044405012652,0.1484981601672014,0.015414468563187627,0.01622491696692872,0.9500491493797453,0.8957256226690099,0.5,SIWKL_matrix_k21_alpha0p1_beta0p001.txt
SIWKL,21,0.1,0.0001,219315,227864.9,21931.5,0.09624782052874313,0.05108746485790873,-0.04632022533498684,0.1484951550508043,0.015414112426027308,0.016224518514435213,0.9500505307638637,0.8957267185753989,0.5,SIWKL_matrix_k21_alpha0p1_beta0p0001.txt
SIWKL,21,0.1,1e-06,219315,227864.9,21931.5,0.09624782052874313,0.051087311521644654,-0.046320201274047054,0.14849482431733638,0.01541407323144972,0.016224474662782037,0.9500506828001447,0.8957268391854194,0.5,SIWKL_matrix_k21_alpha0p1_beta1em06.txt
SIWKL,21,0.01,1.0,219315,227864.9,2193.15,0.009624782052874313,0.05194379010505028,-0.044892420653743347,0.14878000086384388,0.03265729727839976,0.03440782456343944,0.9491241510543005,0.8949269472834144,0.5,SIWKL_matrix_k21_alpha0p01_beta1p0.txt
SIWKL,21,0.01,0.1,219315,227864.9,2193.15,0.009624782052874313,0.05106763008516414,-0.044729170723778675,0.14686443089410695,0.03217211219817738,0.03386566917511566,0.9499919234378308,0.8956700161987565,0.5,SIWKL_matrix_k21_alpha0p01_beta0p1.txt
SIWKL,21,0.01,0.01,219315,227864.9,2193.15,0.009624782052874313,0.05093626306033995,-0.04471233712591569,0.14658486324659561,0.03210213580705825,0.033787368652120196,0.9501224004031401,0.8957758944389161,0.5,SIWKL_matrix_k21_alpha0p01_beta0p01.txt
SIWKL,21,0.01,0.001,219315,227864.9,2193.15,0.009624782052874313,0.05092241876742176,-0.04471065608008653,0.14655549361493006,0.03209479785515052,0.033779156465341895,0.9501361553560533,0.8957869933805075,0.5,SIWKL_matrix_k21_alpha0p01_beta0p001.txt
SIWKL,21,0.01,0.0001,219315,227864.9,2193.15,0.009624782052874313,0.050921026801937816,-0.0447104880121386,0.14655254161601425,0.032094060444703816,0.03377833118694719,0.9501375383845423,0.895788108722948,0.5,SIWKL_matrix_k21_alpha0p01_beta0p0001.txt
SIWKL,21,0.01,1e-06,219315,227864.9,2193.15,0.009624782052874313,0.050920873601534224,-0.04471046952508699,0.14655221672815544,0.03209397928917284,0.03377824036097717,0.9501376906018437,0.8957882314714947,0.5,SIWKL_matrix_k21_alpha0p01_beta1em06.txt
SIWKL,21,0.001,1.0,219315,227864.9,219.315,0.0009624782052874313,0.05188007614880526,-0.04423280959475532,0.14799296189236583,0.04923673162993202,0.05187422459962567,0.949156002040507,0.8949573874265023,0.5,SIWKL_matrix_k21_alpha0p001_beta1p0.txt
SIWKL,21,0.001,0.1,219315,227864.9,219.315,0.0009624782052874313,0.05100433011018135,-0.04408321974788672,0.1460918799682494,0.048506907416944606,0.05105860492722417,0.9500241435519713,0.8957063735688913,0.5,SIWKL_matrix_k21_alpha0p001_beta0p1.txt
SIWKL,21,0.001,0.01,219315,227864.9,219.315,0.0009624782052874313,0.050873001291549105,-0.04406832093134501,0.1458143235144432,0.04840163589445946,0.050940795749099974,0.9501546880589243,0.8958129785597717,0.5,SIWKL_matrix_k21_alpha0p001_beta0p01.txt
SIWKL,21,0.001,0.001,219315,227864.9,219.315,0.0009624782052874313,0.05085916075603656,-0.04406684249314633,0.14578516400521943,0.048390596642827126,0.05092843971980515,0.9501684502619643,0.8958241519710921,0.5,SIWKL_matrix_k21_alpha0p001_beta0p001.txt
SIWKL,21,0.001,0.0001,219315,227864.9,219.315,0.0009624782052874313,0.050857769165613284,-0.04406669478313511,0.14578223311436167,0.048389487277453944,0.050927198007001274,0.9501698340207436,0.8958252747790802,0.5,SIWKL_matrix_k21_alpha0p001_beta0p0001.txt
SIWKL,21,0.001,1e-06,219315,227864.9,219.315,0.0009624782052874313,0.05085761600645873,-0.04406667853654221,0.14578191054945966,0.04838936518649658,0.0509270613503462,0.9501699863184356,0.8958253983490444,0.5,SIWKL_matrix_k21_alpha0p001_beta1em06.txt
SIWKL,21,0.0001,1.0,219315,227864.9,21.9315,9.624782052874312e-05,0.051847836814696756,-0.04389510972541294,0.14759078335480647,0.06564686297494468,0.06916223313312676,0.9491721131760519,0.8949739886610099,0.5,SIWKL_matrix_k21_alpha0p0001_beta1p0.txt
SIWKL,21,0.0001,0.1,219315,227864.9,21.9315,9.624782052874312e-05,0.05097229288491455,-0.04375253375666931,0.1456971195264984,0.06467493928510573,0.06807598508409887,0.9500404467920428,0.8957259875804029,0.5,SIWKL_matrix_k21_alpha0p0001_beta0p1.txt
SIWKL,21,0.0001,0.01,219315,227864.9,21.9315,9.624782052874312e-05,0.05084098229393756,-0.04373862835739588,0.14542059294527102,0.06453473876299905,0.06791907664869912,0.9501710262757983,0.8958329622762614,0.5,SIWKL_matrix_k21_alpha0p0001_beta0p01.txt
SIWKL,21,0.0001,0.001,219315,227864.9,21.9315,9.624782052874312e-05,0.050827143543303165,-0.043737253948197205,0.14539154103480353,0.06452003660362213,0.06790261971261337,0.9501847922317657,0.895844173565299,0.5,SIWKL_matrix_k21_alpha0p0001_beta0p001.txt
SIWKL,21,0.0001,0.0001,219315,227864.9,21.9315,9.624782052874312e-05,0.050825752130961056,-0.04373711669097655,0.14538862095289867,0.06451855914141717,0.0679009658801772,0.9501861763685533,0.8958453001704444,0.5,SIWKL_matrix_k21_alpha0p0001_beta0p0001.txt
SIWKL,21,0.0001,1e-06,219315,227864.9,21.9315,9.624782052874312e-05,0.0508255989913907,-0.04373710159474835,0.14538829957752974,0.06451839653963495,0.06790078386769939,0.9501863287078568,0.8958454241582003,0.5,SIWKL_matrix_k21_alpha0p0001_beta1em06.txt
SIWKL,21,1e-06,1.0,219315,227864.9,0.21931499999999998,9.624782052874312e-07,0.0518156034010943,-0.04355578153176403,0.14718698833395266,0.09840314886222726,0.10367084423258854,0.9491882659068247,0.8949908201828126,0.5,SIWKL_matrix_k21_alpha1em06_beta1p0.txt
SIWKL,21,1e-06,0.1,219315,227864.9,0.21931499999999998,9.624782052874312e-07,0.050940258201145415,-0.043420269167641024,0.14530078556993184,0.09694797898403731,0.10204440382590654,0.9500567924276964,0.8957458429196559,0.5,SIWKL_matrix_k21_alpha1em06_beta0p1.txt
SIWKL,21,1e-06,0.01,219315,227864.9,0.21931499999999998,9.624782052874312e-07,0.050808965327417674,-0.04340736415872111,0.1450252948135565,0.09673805786419137,0.10180945058691966,0.950187407028598,0.8958531886047165,0.5,SIWKL_matrix_k21_alpha1em06_beta0p01.txt
SIWKL,21,1e-06,0.001,219315,227864.9,0.21931499999999998,9.624782052874312e-07,0.050795128307856395,-0.04340609450774263,0.1449963511234554,0.09671604429755197,0.10178480795835129,0.9502011767524936,0.8958644379018446,0.5,SIWKL_matrix_k21_alpha1em06_beta0p001.txt
SIWKL,21,1e-06,0.0001,219315,227864.9,0.21931499999999998,9.624782052874312e-07,0.0507937370681852,-0.043405967776574246,0.14499344191294464,0.09671383208960342,0.10178233150672833,0.9502025612688009,0.8958655683172043,0.5,SIWKL_matrix_k21_alpha1em06_beta0p0001.txt
SIWKL,21,1e-06,1e-06,219315,227864.9,0.21931499999999998,9.624782052874312e-07,0.05079358394760376,-0.04340595383877288,0.1449931217339804,0.0967135886255219,0.10178205896090256,0.950202713649882,0.8958656927241886,0.5,SIWKL_matrix_k21_alpha1em06_beta1em06.txt
SIWKL,31,1.0,1.0,236913,227854.9,236913.0,1.0397538082349775,0.06356912687571549,-0.07182808783670158,0.19896634158813256,0.0036974103741225133,0.003936637628812516,0.9392305624121758,0.88489275537137,0.5,SIWKL_matrix_k31_alpha1p0_beta1p0.txt
SIWKL,31,1.0,0.1,236913,227854.9,236913.0,1.0397538082349775,0.06254538026553831,-0.07154122873861044,0.19663198926968706,0.0036418094279478883,0.0038733155357471584,0.9402305064839979,0.8852627553439094,0.5,SIWKL_matrix_k31_alpha1p0_beta0p1.txt
SIWKL,31,1.0,0.01,236913,227854.9,236913.0,1.0397538082349775,0.0623915089475778,-0.07150782869136392,0.1962908465865195,0.0036337907005509207,0.0038641661638774572,0.9403815846533451,0.8853125515524086,0.5,SIWKL_matrix_k31_alpha1p0_beta0p01.txt
SIWKL,31,1.0,0.001,236913,227854.9,236913.0,1.0397538082349775,0.062375287884251326,-0.07150442672233828,0.19625500249084094,0.0036329498422981873,0.0038632065288973796,0.9403975208478147,0.885317734553455,0.5,SIWKL_matrix_k31_alpha1p0_beta0p001.txt
SIWKL,31,1.0,0.0001,236913,227854.9,236913.0,1.0397538082349775,0.06237365689468875,-0.07150408588212456,0.19625139967150207,0.003632865342327811,0.003863110090541092,0.9403991232926444,0.8853182550180249,0.5,SIWKL_matrix_k31_alpha1p0_beta0p0001.txt
SIWKL,31,1.0,1e-06,236913,227854.9,236913.0,1.0397538082349775,0.06237347738658464,-0.07150404838253219,0.1962510031557015,0.0036328560427051466,0.0038630994770177877,0.940399299660183,0.8853183122933096,0.5,SIWKL_matrix_k31_alpha1p0_beta1em06.txt
SIWKL,31,0.1,1.0,236913,227854.9,23691.300000000003,0.10397538082349778,0.06318066211472326,-0.06994164452306713,0.1963029687525136,0.023541666774205675,0.025058473804478412,0.9394692972082899,0.8827394056107735,0.5,SIWKL_matrix_k31_alpha0p1_beta1p0.txt
SIWKL,31,0.1,0.1,236913,227854.9,23691.300000000003,0.10397538082349778,0.06216198985536964,-0.06969335900201726,0.19401733871275653,0.023189685103402757,0.024657605944783362,0.940467827871539,0.8831721458410634,0.5,SIWKL_matrix_k31_alpha0p1_beta0p1.txt
SIWKL,31,0.1,0.01,236913,227854.9,23691.300000000003,0.10397538082349778,0.06200878107335962,-0.06966540300827803,0.19368296515499728,0.023138909512529834,0.024599668804846254,0.9406187414999407,0.8832304183957975,0.5,SIWKL_matrix_k31_alpha0p1_beta0p01.txt
SIWKL,31,0.1,0.001,236913,227854.9,23691.300000000003,0.10397538082349778,0.061992628688427275,-0.06966257090475872,0.19364782828161325,0.023133584939872408,0.024593591860350796,0.9406346608999324,0.8832364830033116,0.5,SIWKL_matrix_k31_alpha0p1_beta0p001.txt
SIWKL,31,0.1,0.0001,236913,227854.9,23691.300000000003,0.10397538082349778,0.06199100459245251,-0.06966228732208427,0.19364429650698928,0.023133049858560385,0.02459298115691806,0.9406362616617143,0.8832370919882043,0.5,SIWKL_matrix_k31_alpha0p1_beta0p0001.txt
SIWKL,31,0.1,1e-06,236913,227854.9,23691.300000000003,0.10397538082349778,0.061990825842930565,-0.0696622561238489,0.19364390780971003,0.023132990970305946,0.02459291394593045,0.9406364378440771,0.8832371590047405,0.5,SIWKL_matrix_k31_alpha0p1_beta1em06.txt
SIWKL,31,0.01,1.0,236913,227854.9,2369.13,0.010397538082349778,0.06303715572434804,-0.06928864007654892,0.19536295152524502,0.04943778833278027,0.052617914512135606,0.9395619113976499,0.8819682343197839,0.5,SIWKL_matrix_k31_alpha0p01_beta1p0.txt
SIWKL,31,0.01,0.1,236913,227854.9,2369.13,0.010397538082349778,0.06202038323385878,-0.06905352324348824,0.1930942897112058,0.04870012444954255,0.0517778100137796,0.940559757868902,0.8824238619177868,0.5,SIWKL_matrix_k31_alpha0p01_beta0p1.txt
SIWKL,31,0.01,0.01,236913,227854.9,2369.13,0.010397538082349778,0.06186742375313361,-0.06902743462793438,0.19276228213420157,0.04859370269301264,0.05165637903026913,0.9407105880289858,0.8824852246041596,0.5,SIWKL_matrix_k31_alpha0p01_beta0p01.txt
SIWKL,31,0.01,0.001,236913,227854.9,2369.13,0.010397538082349778,0.06185129722708031,-0.06902479810752346,0.19272739256168409,0.04858254269026324,0.05164364217385244,0.9407264988537338,0.882491610569435,0.5,SIWKL_matrix_k31_alpha0p01_beta0p001.txt
SIWKL,31,0.01,0.0001,236913,227854.9,2369.13,0.010397538082349778,0.061849675726856845,-0.06902453417732075,0.19272388563103443,0.04858142118906124,0.05164236218023735,0.9407280987555701,0.882492251820775,0.5,SIWKL_matrix_k31_alpha0p01_beta0p0001.txt
SIWKL,31,0.01,1e-06,236913,227854.9,2369.13,0.010397538082349778,0.061849497262977636,-0.06902450514190936,0.19272349966786465,0.04858129776248469,0.05164222131048029,0.9407282748433128,0.882492322388079,0.5,SIWKL_matrix_k31_alpha0p01_beta1em06.txt
SIWKL,31,0.001,1.0,236913,227854.9,236.913,0.0010397538082349777,0.06297932194507623,-0.06902781122513248,0.19498645511528492,0.07465811965393819,0.07945738133282755,0.9395995488602069,0.8816597938724452,0.5,SIWKL_matrix_k31_alpha0p001_beta1p0.txt
SIWKL,31,0.001,0.1,236913,227854.9,236.913,0.0010397538082349777,0.06196331656058501,-0.06879794921818906,0.19272458233935907,0.07354504967791634,0.07818974674592857,0.9405971081719344,0.8821246361329441,0.5,SIWKL_matrix_k31_alpha0p001_beta0p1.txt
SIWKL,31,0.001,0.01,236913,227854.9,236.913,0.0010397538082349777,0.06181045780940608,-0.06877260633817509,0.19239352195698725,0.07338446317827932,0.0780065126229811,0.9407479031008483,0.8821872428144787,0.5,SIWKL_matrix_k31_alpha0p001_beta0p01.txt
SIWKL,31,0.001,0.001,236913,227854.9,236.913,0.0010397538082349777,0.061794341732388555,-0.06877004793094305,0.19235873139572016,0.07336762308321476,0.07798729317570319,0.9407638103032959,0.8821937581463363,0.5,SIWKL_matrix_k31_alpha0p001_beta0p001.txt
SIWKL,31,0.001,0.0001,236913,227854.9,236.913,0.0010397538082349777,0.0617927212810625,-0.06876979184973987,0.19235523441186492,0.07336593077233858,0.07798536171166398,0.9407654098418512,0.88219441238691,0.5,SIWKL_matrix_k31_alpha0p001_beta0p0001.txt
SIWKL,31,0.001,1e-06,236913,227854.9,236.913,0.0010397538082349777,0.06179254293260683,-0.0687697636781391,0.19235484954335277,0.07336574452541741,0.07798514914428999,0.9407655858896206,0.8821944843836174,0.5,SIWKL_matrix_k31_alpha0p001_beta1em06.txt
SIWKL,31,0.0001,1.0,236913,227854.9,23.691300000000002,0.00010397538082349777,0.06294974663429634,-0.06889447952074684,0.1947939727893395,0.09959587154498385,0.10599603634424294,0.9396188289675917,0.8815022273216945,0.5,SIWKL_matrix_k31_alpha0p0001_beta1p0.txt
SIWKL,31,0.0001,0.1,236913,227854.9,23.691300000000002,0.00010397538082349777,0.06193413358805781,-0.0686673055565841,0.19253557273269975,0.09811162633060955,0.10430569038549331,0.940616240283807,0.8819717853710703,0.5,SIWKL_matrix_k31_alpha0p0001_beta0p1.txt
SIWKL,31,0.0001,0.01,236913,227854.9,23.691300000000002,0.00010397538082349777,0.06178132635607446,-0.06864234418122274,0.19220499689337162,0.09789748538730622,0.10406134953110589,0.9407670170377986,0.8820350286901892,0.5,SIWKL_matrix_k31_alpha0p0001_beta0p01.txt
SIWKL,31,0.0001,0.001,236913,227854.9,23.691300000000002,0.00010397538082349777,0.061765215623334146,-0.06863982573565708,0.19217025698232537,0.09787502919853505,0.10403572053777359,0.9407829223713436,0.8820416102277252,0.5,SIWKL_matrix_k31_alpha0p0001_beta0p001.txt
SIWKL,31,0.0001,0.0001,236913,227854.9,23.691300000000002,0.00010397538082349777,0.061763595708478614,-0.06863957366990207,0.19216676508685931,0.09787277250938191,0.1040331449439544,0.940784521722464,0.8820422711157728,0.5,SIWKL_matrix_k31_alpha0p0001_beta0p0001.txt
SIWKL,31,0.0001,1e-06,236913,227854.9,23.691300000000002,0.00010397538082349777,0.06176341741905752,-0.068639545940216,0.19216638077833104,0.09787252414992208,0.10403286148683825,0.9407846977496092,0.8820423438440033,0.5,SIWKL_matrix_k31_alpha0p0001_beta1em06.txt
SIWKL,31,1e-06,1.0,236913,227854.9,0.23691299999999998,1.0397538082349777e-06,0.06292008588178181,-0.06876068048002515,0.19460085224358878,0.1493653100973085,0.1589604526335962,0.9396381780668145,0.8813441713547574,0.5,SIWKL_matrix_k31_alpha1em06_beta1p0.txt
SIWKL,31,1e-06,0.1,236913,227854.9,0.23691299999999998,1.0397538082349777e-06,0.06190486626653211,-0.06853620609783562,0.19234593863089983,0.1471402983930184,0.15642648793803932,0.9406354405354982,0.8818184626670056,0.5,SIWKL_matrix_k31_alpha1em06_beta0p1.txt
SIWKL,31,1e-06,0.01,236913,227854.9,0.23691299999999998,1.0397538082349777e-06,0.061752110694391536,-0.06851162786163556,0.19201584925041867,0.14681927707507447,0.15606019436771768,0.9407861990042814,0.8818823449878419,0.5,SIWKL_matrix_k31_alpha1em06_beta0p01.txt
SIWKL,31,1e-06,0.001,236913,227854.9,0.23691299999999998,1.0397538082349777e-06,0.061736005320478696,-0.06850914954889144,0.19198116018984882,0.1467856126619766,0.15602177363183223,0.9408021024575045,0.8818889929769906,0.5,SIWKL_matrix_k31_alpha1em06_beta0p001.txt
SIWKL,31,1e-06,0.0001,236913,227854.9,0.23691299999999998,1.0397538082349777e-06,0.06173438594355398,-0.06850890151578178,0.19197767340288974,0.14678222962438908,0.15601791252695255,0.9408037016200433,0.8818896605372062,0.5,SIWKL_matrix_k31_alpha1em06_beta0p0001.txt
SIWKL,31,1e-06,1e-06,236913,227854.9,0.23691299999999998,1.0397538082349777e-06,0.06173420771332812,-0.06850887422990318,0.19197728965655939,0.14678185730487706,0.1560174875928383,0.9408038776264387,0.8818897339996762,0.5,SIWKL_matrix_k31_alpha1em06_beta1em06.txt
SIWKL,41,1.0,1.0,245243,227844.9,245243.0,1.0763594006273567,0.07009883820933893,-0.08184780835963915,0.222045484778317,0.004773733764387406,0.005113447445595419,0.9335646479557285,0.8757143561089926,0.5,SIWKL_matrix_k41_alpha1p0_beta1p0.txt
SIWKL,41,1.0,0.1,245243,227844.9,245243.0,1.0763594006273567,0.06898822691487183,-0.08157129225093245,0.21954774608067612,0.004702818324857831,0.005031642024518379,0.9346488287405497,0.8759447150276655,0.5,SIWKL_matrix_k41_alpha1p0_beta0p1.txt
SIWKL,41,1.0,0.01,245243,227844.9,245243.0,1.0763594006273567,0.06882092036672338,-0.08154018824627234,0.21918202897971906,0.004692587686910325,0.005019813578550427,0.9348131386714574,0.8759718668191061,0.5,SIWKL_matrix_k41_alpha1p0_beta0p01.txt
SIWKL,41,1.0,0.001,245243,227844.9,245243.0,1.0763594006273567,0.06880327831386021,-0.08153703867551046,0.21914359530323085,0.004691514852801193,0.005018572852411923,0.934830476864843,0.8759746402556471,0.5,SIWKL_matrix_k41_alpha1p0_beta0p001.txt
SIWKL,41,1.0,0.0001,245243,227844.9,245243.0,1.0763594006273567,0.06880150439950475,-0.08153672332107757,0.21913973212008706,0.004691407040686691,0.0050184481648787175,0.9348322203503461,0.8759749182115554,0.5,SIWKL_matrix_k41_alpha1p0_beta0p0001.txt
SIWKL,41,1.0,1e-06,245243,227844.9,245243.0,1.0763594006273567,0.06880130916044543,-0.08153668862767302,0.21913930694856387,0.004691395175448588,0.005018434442381486,0.9348324122417544,0.8759749487935365,0.5,SIWKL_matrix_k41_alpha1p0_beta1em06.txt
SIWKL,41,0.1,1.0,245243,227844.9,24524.300000000003,0.10763594006273568,0.07009491937840664,-0.08119365802675539,0.22138349678356867,0.03092948344712884,0.03313252054849312,0.9335083155493743,0.8740035652267959,0.5,SIWKL_matrix_k41_alpha0p1_beta1p0.txt
SIWKL,41,0.1,0.1,245243,227844.9,24524.300000000003,0.10763594006273568,0.06898363540287572,-0.08093113131582415,0.21889840212157557,0.030470663393919056,0.03260307904718918,0.9345946543826826,0.8742708082182112,0.5,SIWKL_matrix_k41_alpha0p1_beta0p1.txt
SIWKL,41,0.1,0.01,245243,227844.9,24524.300000000003,0.10763594006273568,0.06881622209925786,-0.08090200213012234,0.2185344463286381,0.030404467315909706,0.03252652119695845,0.9347592732650678,0.8743031340137768,0.5,SIWKL_matrix_k41_alpha0p1_beta0p01.txt
SIWKL,41,0.1,0.001,245243,227844.9,24524.300000000003,0.10763594006273568,0.06879856873090531,-0.0808990592221154,0.218496196683926,0.03039752562424037,0.03251849072683188,0.9347766438360114,0.8743064484672711,0.5,SIWKL_matrix_k41_alpha0p1_beta0p001.txt
SIWKL,41,0.1,0.0001,245243,227844.9,24524.300000000003,0.10763594006273568,0.06879679367818774,-0.0808987646315876,0.21849235198796307,0.03039682803361334,0.03251768369925068,0.934778390575027,0.8743067807759327,0.5,SIWKL_matrix_k41_alpha0p1_beta0p0001.txt
SIWKL,41,0.1,1e-06,245243,227844.9,24524.300000000003,0.10763594006273568,0.06879659831383303,-0.08089873222330257,0.21849192885096866,0.030396751260427353,0.032517594881754236,0.9347785828244973,0.8743068173395224,0.5,SIWKL_matrix_k41_alpha0p1_beta1em06.txt
SIWKL,41,0.01,1.0,245243,227844.9,2452.43,0.010763594006273566,0.07009359778694639,-0.08095541367606318,0.221142609249956,0.06521222795055591,0.0698586834387295,0.9334877890699325,0.8733870749779772,0.5,SIWKL_matrix_k41_alpha0p01_beta1p0.txt
SIWKL,41,0.01,0.1,245243,227844.9,2452.43,0.010763594006273566,0.06898206506568212,-0.08069795863517634,0.21866208876654056,0.06424533857451942,0.06874284531878344,0.9345749114193981,0.8736675972193398,0.5,SIWKL_matrix_k41_alpha0p01_beta0p1.txt
SIWKL,41,0.01,0.01,245243,227844.9,2452.43,0.010763594006273566,0.06881461236167392,-0.08066954653240373,0.2182987712557516,0.06410583784783815,0.0685814904253172,0.9347396425810711,0.8737017885412238,0.5,SIWKL_matrix_k41_alpha0p01_beta0p01.txt
SIWKL,41,0.01,0.001,245243,227844.9,2452.43,0.010763594006273566,0.06879695481793655,-0.08066667868001551,0.21826058831588863,0.06409120898201184,0.06856456520078005,0.9347570249199609,0.873705298095777,0.5,SIWKL_matrix_k41_alpha0p01_beta0p001.txt
SIWKL,41,0.01,0.0001,245243,227844.9,2452.43,0.010763594006273566,0.06879517934517518,-0.08066639163064562,0.21825675032099595,0.06408973888468339,0.0685628642883567,0.9347587728415113,0.8737056500054222,0.5,SIWKL_matrix_k41_alpha0p01_beta0p0001.txt
SIWKL,41,0.01,1e-06,245243,227844.9,2452.43,0.010763594006273566,0.06879498393458731,-0.08066636005228592,0.21825632792146057,0.06408957709343469,0.0685626770942751,0.9347589652211244,0.8737056887261343,0.5,SIWKL_matrix_k41_alpha0p01_beta1em06.txt
SIWKL,41,0.001,1.0,245243,227844.9,245.243,0.0010763594006273566,0.07009308672687749,-0.08085955162523398,0.22104572507898892,0.09855310128055052,0.10557607197445426,0.9334795227501639,0.8731405475201428,0.5,SIWKL_matrix_k41_alpha0p001_beta1p0.txt
SIWKL,41,0.001,0.1,245243,227844.9,245.243,0.0010763594006273566,0.0689814533572828,-0.08060413553797602,0.21856704225254164,0.09709217320421207,0.10389001253104543,0.9345669601801042,0.8734263973039964,0.5,SIWKL_matrix_k41_alpha0p001_beta0p1.txt
SIWKL,41,0.001,0.01,245243,227844.9,245.243,0.0010763594006273566,0.06881398472150244,-0.08057601179727775,0.2182039812402826,0.0968813917286258,0.10364619916645479,0.9347317365013571,0.8734613372508553,0.5,SIWKL_matrix_k41_alpha0p001_beta0p01.txt
SIWKL,41,0.001,0.001,245243,227844.9,245.243,0.0010763594006273566,0.06879632548954043,-0.08057317412805112,0.21816582510713198,0.09685928792174324,0.10362062448526844,0.9347491235734982,0.8734649251006265,0.5,SIWKL_matrix_k41_alpha0p001_beta0p001.txt
SIWKL,41,0.001,0.0001,245243,227844.9,245.243,0.0010763594006273566,0.06879454984694465,-0.08057289011132121,0.2181619898052105,0.09685706664558537,0.10361805433932039,0.9347508719706832,0.8734652848762863,0.5,SIWKL_matrix_k41_alpha0p001_beta0p0001.txt
SIWKL,41,0.001,1e-06,245243,227844.9,245.243,0.0010763594006273566,0.0687943544176637,-0.080572858866712,0.21816156770203937,0.09685682218350783,0.10361777148165614,0.9347510644026422,0.8734653244626679,0.5,SIWKL_matrix_k41_alpha0p001_beta1em06.txt
SIWKL,41,0.0001,1.0,245243,227844.9,24.5243,0.00010763594006273566,0.07009282942196501,-0.08081052702907784,0.2209961858730079,0.13150485710325882,0.14087663369646958,0.9334752943245149,0.873014699334309,0.5,SIWKL_matrix_k41_alpha0p0001_beta1p0.txt
SIWKL,41,0.0001,0.1,245243,227844.9,24.5243,0.00010763594006273566,0.06898114446261697,-0.08055615366796332,0.21851844259319725,0.1295556646561028,0.13862701552148818,0.9345628928729317,0.8733032719166836,0.5,SIWKL_matrix_k41_alpha0p0001_beta0p1.txt
SIWKL,41,0.0001,0.01,245243,227844.9,24.5243,0.00010763594006273566,0.06881366766283159,-0.08052817740098218,0.21815551272664538,0.12927443550909143,0.13830170709154774,0.9347276922874077,0.8733385944834453,0.5,SIWKL_matrix_k41_alpha0p0001_beta0p01.txt
SIWKL,41,0.0001,0.001,245243,227844.9,24.5243,0.00010763594006273566,0.06879600756578762,-0.08052535516803788,0.21811737029961314,0.12924494412218537,0.1382675840091822,0.9347450817799952,0.8733422223498154,0.5,SIWKL_matrix_k41_alpha0p0001_beta0p001.txt
SIWKL,41,0.0001,0.0001,245243,227844.9,24.5243,0.00010763594006273566,0.06879423183616569,-0.08052507270226199,0.21811353637459335,0.12924198044635887,0.13826415478534637,0.9347468304204056,0.8733425861457891,0.5,SIWKL_matrix_k41_alpha0p0001_beta0p0001.txt
SIWKL,41,0.0001,1e-06,245243,227844.9,24.5243,0.00010763594006273566,0.06879403639730579,-0.0805250416283399,0.21811311442295148,0.12924165427964113,0.13826377738177903,0.9347470228791328,0.8733426261746123,0.5,SIWKL_matrix_k41_alpha0p0001_beta1em06.txt
SIWKL,41,1e-06,1.0,245243,227844.9,0.245243,1.0763594006273565e-06,0.07009257351271123,-0.08076135305593686,0.2209465000813593,0.19726270240731725,0.2113217134785203,0.9334710530225183,0.8728885311512219,0.5,SIWKL_matrix_k41_alpha1em06_beta1p0.txt
SIWKL,41,1e-06,0.1,245243,227844.9,0.245243,1.0763594006273565e-06,0.06898083673044537,-0.08050802575188723,0.21846969921277798,0.19433914146068448,0.20794747074293662,0.9345588131770323,0.8731798342435367,0.5,SIWKL_matrix_k41_alpha1em06_beta0p1.txt
SIWKL,41,1e-06,0.01,245243,227844.9,0.245243,1.0763594006273565e-06,0.06881335173122602,-0.08048019742965791,0.21810690089210993,0.19391732864314812,0.20745953266346287,0.9347236357546285,0.8732155405152002,0.5,SIWKL_matrix_k41_alpha1em06_beta0p01.txt
SIWKL,41,1e-06,0.001,245243,227844.9,0.245243,1.0763594006273565e-06,0.06879569076536267,-0.08047739068229676,0.21806877221302212,0.19387309477995268,0.2074083505911574,0.9347410276749881,0.8732192085116616,0.5,SIWKL_matrix_k41_alpha1em06_beta0p001.txt
SIWKL,41,1e-06,0.0001,245243,227844.9,0.245243,1.0763594006273565e-06,0.06879391494833834,-0.08047710977242888,0.21806493966910553,0.19386864958927472,0.20740320701153137,0.9347427765593608,0.8732195763393499,0.5,SIWKL_matrix_k41_alpha1em06_beta0p0001.txt
SIWKL,41,1e-06,1e-06,245243,227844.9,0.245243,1.0763594006273565e-06,0.06879371949985855,-0.08047707886973848,0.21806451786945558,0.19386816037474988,0.20740264093436564,0.9347429690449368,0.8732196168118717,0.5,SIWKL_matrix_k41_alpha1em06_beta1em06.txt
SIWKL,51,1.0,1.0,250512,227834.9,250512.0,1.0995330390559128,0.07491431609636959,-0.08815974090773608,0.23798837310047521,0.005813792277996539,0.006255684185407455,0.9293615383523178,0.8700443508724428,0.5,SIWKL_matrix_k51_alpha1p0_beta1p0.txt
SIWKL,51,1.0,0.1,250512,227834.9,250512.0,1.0995330390559128,0.07373722963004825,-0.08788675390650066,0.23536121316659714,0.005728121644557398,0.006155893154155241,0.9305102445923552,0.8705315628285655,0.5,SIWKL_matrix_k51_alpha1p0_beta0p1.txt
SIWKL,51,1.0,0.01,250512,227834.9,250512.0,1.0995330390559128,0.07355976351599332,-0.08785661201990483,0.2349761390518915,0.005715760087672174,0.006141458007254975,0.9306845509519206,0.8705944534167964,0.5,SIWKL_matrix_k51_alpha1p0_beta0p01.txt
SIWKL,51,1.0,0.001,250512,227834.9,250512.0,1.0995330390559128,0.07354104830402097,-0.08785356949802692,0.23493566610606886,0.005714463769901375,0.006139943781117796,0.9307029467395285,0.8706009544727744,0.5,SIWKL_matrix_k51_alpha1p0_beta0p001.txt
SIWKL,51,1.0,0.0001,250512,227834.9,250512.0,1.0995330390559128,0.07353916646402292,-0.08785326496511964,0.23493159789316548,0.0057143334990306495,0.006139791607275406,0.9307047966024441,0.8706016068155106,0.5,SIWKL_matrix_k51_alpha1p0_beta0p0001.txt
SIWKL,51,1.0,1e-06,250512,227834.9,250512.0,1.0995330390559128,0.07353895934633009,-0.08785323146338718,0.23493115015604737,0.005714319162096327,0.006139774859761595,0.9307050002022731,0.870601678598183,0.5,SIWKL_matrix_k51_alpha1p0_beta1em06.txt
SIWKL,51,0.1,1.0,250512,227834.9,25051.2,0.10995330390559128,0.07491318759695154,-0.08799105178924513,0.2378174269831482,0.038034462719698944,0.04092605648590867,0.9293458980782735,0.8700435917682786,0.5,SIWKL_matrix_k51_alpha0p1_beta1p0.txt
SIWKL,51,0.1,0.1,250512,227834.9,25051.2,0.10995330390559128,0.07373590651897283,-0.08772150506005236,0.23519331809799807,0.03747419835885622,0.04027339276334381,0.9304951926713418,0.8705307987012321,0.5,SIWKL_matrix_k51_alpha0p1_beta0p1.txt
SIWKL,51,0.1,0.01,250512,227834.9,25051.2,0.10995330390559128,0.07355840966127261,-0.08769185628165246,0.2348086756041977,0.03739335593740043,0.04017898143370333,0.9306695840236947,0.8705936880811077,0.5,SIWKL_matrix_k51_alpha0p1_beta0p01.txt
SIWKL,51,0.1,0.001,250512,227834.9,25051.2,0.10995330390559128,0.07353969119219436,-0.08768886545402285,0.23476824783841152,0.03738487823415043,0.0401690778079848,0.9306879887274652,0.8706001890045091,0.5,SIWKL_matrix_k51_alpha0p1_beta0p001.txt
SIWKL,51,0.1,0.0001,250512,227834.9,25051.2,0.10995330390559128,0.07353780902454021,-0.08768856611589342,0.23476418416497383,0.03738402628414015,0.04016808253195212,0.9306898394864289,0.8706008413338625,0.5,SIWKL_matrix_k51_alpha0p1_beta0p0001.txt
SIWKL,51,0.1,1e-06,250512,227834.9,25051.2,0.10995330390559128,0.0735376018707836,-0.08768853318586967,0.2347637369274369,0.0373839325229528,0.040167972996705686,0.9306900431848724,0.8706009131150615,0.5,SIWKL_matrix_k51_alpha0p1_beta1em06.txt
SIWKL,51,0.01,1.0,250512,227834.9,2505.12,0.010995330390559128,0.0749127847061414,-0.08792670060107777,0.23775227001336052,0.08036106837526281,0.08647112645476067,0.9293399041968712,0.8700427258600917,0.5,SIWKL_matrix_k51_alpha0p01_beta1p0.txt
SIWKL,51,0.01,0.1,250512,227834.9,2505.12,0.010995330390559128,0.07373542897934927,-0.08765846339735703,0.2351293213560556,0.07917747712231779,0.08509229136766865,0.9304894233039983,0.870529928040729,0.5,SIWKL_matrix_k51_alpha0p01_beta0p1.txt
SIWKL,51,0.01,0.01,250512,227834.9,2505.12,0.010995330390559128,0.07355792033512112,-0.08762900234956768,0.23474484301980994,0.07900669201183352,0.08489283457024659,0.9306638470936857,0.8705928165601015,0.5,SIWKL_matrix_k51_alpha0p01_beta0p01.txt
SIWKL,51,0.01,0.001,250512,227834.9,2505.12,0.010995330390559128,0.0735392006173963,-0.08762603120277171,0.23470443243756428,0.07898878227816368,0.08487191180104738,0.9306822552003465,0.8705993173911412,0.5,SIWKL_matrix_k51_alpha0p01_beta0p001.txt
SIWKL,51,0.01,0.0001,250512,227834.9,2505.12,0.010995330390559128,0.07353731832413239,-0.08762573384238165,0.23470037049064643,0.07898698247482763,0.08486980914365928,0.9306841063012905,0.8705999697111905,0.5,SIWKL_matrix_k51_alpha0p01_beta0p0001.txt
SIWKL,51,0.01,1e-06,250512,227834.9,2505.12,0.010995330390559128,0.07353711115655037,-0.08762570113001714,0.23469992344311788,0.07898678439783173,0.08486957773539779,0.9306843100373712,0.8706000414913655,0.5,SIWKL_matrix_k51_alpha0p01_beta1em06.txt
SIWKL,51,0.001,1.0,250512,227834.9,250.512,0.0010995330390559128,0.07491263034034235,-0.08790058678805597,0.2377258474687407,0.12148373188517687,0.13072079505485326,0.9293374618338244,0.8700421825280897,0.5,SIWKL_matrix_k51_alpha0p001_beta1p0.txt
SIWKL,51,0.001,0.1,250512,227834.9,250.512,0.0010995330390559128,0.07373524425518764,-0.08763287993017782,0.2351033684405531,0.11969456853004941,0.1286364659204019,0.930487072026018,0.8705293839744193,0.5,SIWKL_matrix_k51_alpha0p001_beta0p1.txt
SIWKL,51,0.001,0.01,250512,227834.9,250.512,0.0010995330390559128,0.07355773081825236,-0.08760349491480811,0.2347189565513128,0.11943640253430268,0.12833495463419375,0.9306615089766033,0.870592272315811,0.5,SIWKL_matrix_k51_alpha0p001_beta0p01.txt
SIWKL,51,0.001,0.001,250512,227834.9,250.512,0.0010995330390559128,0.07353901059280153,-0.08760053173895016,0.23467855292455325,0.11940932941777313,0.12830332647002238,0.9306799184639434,0.8705987731273162,0.5,SIWKL_matrix_k51_alpha0p001_beta0p001.txt
SIWKL,51,0.001,0.0001,250512,227834.9,250.512,0.0010995330390559128,0.07353712824846212,-0.0876002351795652,0.2346744916764895,0.11940660875830451,0.1283001479617756,0.9306817697036426,0.8705994254453938,0.5,SIWKL_matrix_k51_alpha0p001_beta0p0001.txt
SIWKL,51,0.001,1e-06,250512,227834.9,250.512,0.0010995330390559128,0.0735369210752583,-0.08760020255535503,0.23467404470587164,0.11940630933667058,0.12829979815059234,0.9306819734549934,0.8705994972253515,0.5,SIWKL_matrix_k51_alpha0p001_beta1em06.txt
SIWKL,51,0.0001,1.0,250512,227834.9,25.0512,0.0001099533039055913,0.07491255275526928,-0.08788721493364238,0.23771232044418097,0.1621137901203622,0.17444041073362063,0.9293362096465033,0.8700418749953466,0.5,SIWKL_matrix_k51_alpha0p0001_beta1p0.txt
SIWKL,51,0.0001,0.1,250512,227834.9,25.0512,0.0001099533039055913,0.07373515111475337,-0.08761977948657282,0.23509008171607956,0.15972631169505727,0.17165904120630973,0.9304858664746297,0.8705290763199371,0.5,SIWKL_matrix_k51_alpha0p0001_beta0p1.txt
SIWKL,51,0.0001,0.01,250512,227834.9,25.0512,0.0001099533039055913,0.0735576352221706,-0.08759043338200956,0.23470570382635078,0.15938181195210602,0.1712566982941952,0.9306603101638116,0.8705919646065665,0.5,SIWKL_matrix_k51_alpha0p0001_beta0p01.txt
SIWKL,51,0.0001,0.001,250512,227834.9,25.0512,0.0001099533039055913,0.07353891473657664,-0.08758747428541004,0.23466530375856332,0.15934568526291554,0.17121449301173056,0.9306787203580842,0.8705984654118811,0.5,SIWKL_matrix_k51_alpha0p0001_beta0p001.txt
SIWKL,51,0.0001,0.0001,250512,227834.9,25.0512,0.0001099533039055913,0.07353703236606776,-0.08758717813595254,0.23466124286808804,0.1593420547824725,0.17121025154393418,0.9306805716688279,0.8705991177293317,0.5,SIWKL_matrix_k51_alpha0p0001_beta0p0001.txt
SIWKL,51,0.0001,1e-06,250512,227834.9,25.0512,0.0001099533039055913,0.07353682518998346,-0.08758714555685684,0.2346607959368238,0.15934165523067265,0.17120978474858395,0.9306807754279974,0.8705991895092206,0.5,SIWKL_matrix_k51_alpha0p0001_beta1em06.txt
SIWKL,51,1e-06,1.0,250512,227834.9,0.250512,1.099533039055913e-06,0.07491247531184916,-0.087873801151965,0.23769875177566333,0.24318987545460818,0.2616816193302594,0.929334953203903,0.8700415600952872,0.5,SIWKL_matrix_k51_alpha1em06_beta1p0.txt
SIWKL,51,1e-06,0.1,250512,227834.9,0.250512,1.099533039055913e-06,0.07373505806287714,-0.08760663794084445,0.2350767540665987,0.23960847754977768,0.257509326774324,0.9304846568130939,0.8705287613591913,0.5,SIWKL_matrix_k51_alpha1em06_beta0p1.txt
SIWKL,51,1e-06,0.01,250512,227834.9,0.250512,1.099533039055913e-06,0.07355753970631909,-0.08757733086540634,0.2346924102780445,0.23909170144370107,0.2569057773980656,0.9306591072618725,0.8705916495996708,0.5,SIWKL_matrix_k51_alpha1em06_beta0p01.txt
SIWKL,51,1e-06,0.001,250512,227834.9,0.250512,1.099533039055913e-06,0.07353881895969976,-0.08757437586047004,0.2346520137798696,0.23903750862596967,0.25684246579545983,0.9306775181652812,0.8705981503996952,0.5,SIWKL_matrix_k51_alpha1em06_beta0p001.txt
SIWKL,51,1e-06,0.0001,250512,227834.9,0.250512,1.099533039055913e-06,0.07353693656293267,-0.0875740801221867,0.23464795324805204,0.23903206262547813,0.2568361032239814,0.9306793695472916,0.8705988027166096,0.5,SIWKL_matrix_k51_alpha1em06_beta0p0001.txt
SIWKL,51,1e-06,1e-06,250512,227834.9,0.250512,1.099533039055913e-06,0.07353672938395824,-0.08757404758834268,0.23464750635625914,0.23903146326698144,0.2568354029902587,0.9306795733143046,0.8705988744964396,0.5,SIWKL_matrix_k51_alpha1em06_beta1em06.txt
