method,weight_function,capped_weight,k,alpha,beta,vocab_size,avg_real_kmers,alpha_pseudo_mass,alpha_pseudo_real_ratio,silhouette_score,mean_functional_silhouette,mean_pathological_silhouette,mean_within_class_distance,mean_between_class_distance,within_between_ratio,dunn_index,nearest_neighbor_accuracy,matrix_file
SIWKL_inverse_sqrt_G,1/sqrt(G),False,15,1.0,1.0,199251,227870.9,199251.0,0.8744030062636344,0.03126268286295449,-0.006637400821901869,0.06916276654781087,0.0014305856484165787,0.0014767425110477075,0.9687441363095982,0.9245596410646363,0.9,SIWKL_inverse_sqrt_G_matrix_k15_alpha1p0_beta1p0_uncapped.txt
SIWKL_inverse_sqrt_G,1/sqrt(G),False,15,0.1,1.0,199251,227870.9,19925.100000000002,0.08744030062636345,0.031113320124198762,-0.0013592887443047228,0.06358592899270224,0.008451437767318765,0.008723017837697224,0.9688662713487982,0.9246163610440963,0.9,SIWKL_inverse_sqrt_G_matrix_k15_alpha0p1_beta1p0_uncapped.txt
SIWKL_inverse_sqrt_G,1/sqrt(G),False,15,0.01,1.0,199251,227870.9,1992.51,0.008744030062636344,0.0310727721283716,0.00044663785631671117,0.0616989064004265,0.017479898229670644,0.018040924228043466,0.9689025910601219,0.9247280136640458,1.0,SIWKL_inverse_sqrt_G_matrix_k15_alpha0p01_beta1p0_uncapped.txt
SIWKL_inverse_sqrt_G,1/sqrt(G),False,15,0.001,1.0,199251,227870.9,199.251,0.0008744030062636344,0.031057469578192432,0.0011671096576974826,0.06094782949868738,0.026339818784591035,0.027184809998543048,0.9689167879416005,0.9247859921146578,1.0,SIWKL_inverse_sqrt_G_matrix_k15_alpha0p001_beta1p0_uncapped.txt
SIWKL_inverse_sqrt_G,1/sqrt(G),False,15,0.0001,1.0,199251,227870.9,19.9251,8.744030062636345e-05,0.031049748216776873,0.0015355682561748458,0.0605639281773789,0.03512020621508953,0.03624660477030969,0.9689240257850904,0.9248166616845878,1.0,SIWKL_inverse_sqrt_G_matrix_k15_alpha0p0001_beta1p0_uncapped.txt
SIWKL_inverse_sqrt_G,1/sqrt(G),False,15,1e-06,1.0,199251,227870.9,0.19925099999999998,8.744030062636343e-07,0.031042052164241975,0.001905551282954357,0.06017855304552959,0.052650486262419284,0.05433872027421779,0.9689312887149548,0.924847603999139,1.0,SIWKL_inverse_sqrt_G_matrix_k15_alpha1em06_beta1p0_uncapped.txt
SIWKL_inverse_sqrt_G,1/sqrt(G),False,21,1.0,1.0,219315,227864.9,219315.0,0.9624782052874313,0.037565488612239864,-0.04229948243359629,0.11743045965807604,0.0020033161527676473,0.0020794782022943675,0.9633744419909341,0.9090363393488621,0.5,SIWKL_inverse_sqrt_G_matrix_k21_alpha1p0_beta1p0_uncapped.txt
SIWKL_inverse_sqrt_G,1/sqrt(G),False,21,0.1,1.0,219315,227864.9,21931.5,0.09624782052874313,0.03728612252930384,-0.039796050862833755,0.11436829592144146,0.012340269356126362,0.012807168054957995,0.9635439546956764,0.9100085877426805,0.5,SIWKL_inverse_sqrt_G_matrix_k21_alpha0p1_beta1p0_uncapped.txt
SIWKL_inverse_sqrt_G,1/sqrt(G),False,21,0.01,1.0,219315,227864.9,2193.15,0.009624782052874313,0.03720309422351144,-0.03890950946136535,0.11331569790838822,0.025740901829914103,0.026713548875534485,0.9635897480281559,0.9104412201991531,0.5,SIWKL_inverse_sqrt_G_matrix_k21_alpha0p01_beta1p0_uncapped.txt
SIWKL_inverse_sqrt_G,1/sqrt(G),False,21,0.001,1.0,219315,227864.9,219.315,0.0009624782052874313,0.037170899907656096,-0.03855408714654239,0.1128958869618546,0.03883852929510277,0.040305351776851565,0.9636072527075368,0.9106216913320326,0.5,SIWKL_inverse_sqrt_G_matrix_k21_alpha0p001_beta1p0_uncapped.txt
SIWKL_inverse_sqrt_G,1/sqrt(G),False,21,0.0001,1.0,219315,227864.9,21.9315,9.624782052874312e-05,0.037154546734952616,-0.03837226048407504,0.11268135395398027,0.05180312799317147,0.05375909108070288,0.963616142903251,0.9107146052522339,0.5,SIWKL_inverse_sqrt_G_matrix_k21_alpha0p0001_beta1p0_uncapped.txt
SIWKL_inverse_sqrt_G,1/sqrt(G),False,21,1e-06,1.0,219315,227864.9,0.21931499999999998,9.624782052874312e-07,0.03713817781708529,-0.03818973810876001,0.11246609374293057,0.07768193588807679,0.08061427569714087,0.963625055442034,0.9108079678829736,0.5,SIWKL_inverse_sqrt_G_matrix_k21_alpha1em06_beta1p0_uncapped.txt
SIWKL_inverse_sqrt_G,1/sqrt(G),False,31,1.0,1.0,236913,227854.9,236913.0,1.0397538082349775,0.046393724876293674,-0.06294745736444747,0.1557349071170348,0.0029060148210997548,0.0030406257318317293,0.9557292075368703,0.8937662925312164,0.5,SIWKL_inverse_sqrt_G_matrix_k31_alpha1p0_beta1p0_uncapped.txt
SIWKL_inverse_sqrt_G,1/sqrt(G),False,31,0.1,1.0,236913,227854.9,23691.300000000003,0.10397538082349778,0.046168081371901315,-0.061947313017817994,0.15428347576162063,0.018537776746738035,0.019393295362438435,0.9558858564410154,0.8930801024519096,0.5,SIWKL_inverse_sqrt_G_matrix_k31_alpha0p1_beta1p0_uncapped.txt
SIWKL_inverse_sqrt_G,1/sqrt(G),False,31,0.01,1.0,236913,227854.9,2369.13,0.010397538082349778,0.046084208038838906,-0.06159018324264216,0.15375859932031993,0.038955053025523725,0.04075029186168942,0.9559453747654393,0.8928427121929038,0.5,SIWKL_inverse_sqrt_G_matrix_k31_alpha0p01_beta1p0_uncapped.txt
SIWKL_inverse_sqrt_G,1/sqrt(G),False,31,0.001,1.0,236913,227854.9,236.913,0.0010397538082349777,0.04605037701974664,-0.06144688064209238,0.15354763468158567,0.05884306822794231,0.061553292095286045,0.9559694733606086,0.8927489757542832,0.5,SIWKL_inverse_sqrt_G_matrix_k31_alpha0p001_beta1p0_uncapped.txt
SIWKL_inverse_sqrt_G,1/sqrt(G),False,31,0.0001,1.0,236913,227854.9,23.691300000000002,0.00010397538082349777,0.04603307467208456,-0.061373605524659494,0.1534397548688286,0.07850866361936873,0.08212359582352569,0.955981808055202,0.8927012473071074,0.5,SIWKL_inverse_sqrt_G_matrix_k31_alpha0p0001_beta1p0_uncapped.txt
SIWKL_inverse_sqrt_G,1/sqrt(G),False,31,1e-06,1.0,236913,227854.9,0.23691299999999998,1.0397538082349777e-06,0.04601572233320694,-0.061300093381883525,0.1533315380482974,0.11775630182451,0.12317679747147255,0.9559941826851123,0.8926534095399448,0.5,SIWKL_inverse_sqrt_G_matrix_k31_alpha1em06_beta1p0_uncapped.txt
SIWKL_inverse_sqrt_G,1/sqrt(G),False,41,1.0,1.0,245243,227844.9,245243.0,1.0763594006273567,0.05167689982361394,-0.07303442452749745,0.17638822417472533,0.0037668583836037916,0.0039600910393580765,0.9512049965938137,0.8827512103874772,0.5,SIWKL_inverse_sqrt_G_matrix_k41_alpha1p0_beta1p0_uncapped.txt
SIWKL_inverse_sqrt_G,1/sqrt(G),False,41,0.1,1.0,245243,227844.9,24524.300000000003,0.10763594006273568,0.05166976019472078,-0.07268785190264562,0.17602737229208718,0.02441683012525709,0.025669938671327417,0.9511838122359827,0.8818431025683616,0.5,SIWKL_inverse_sqrt_G_matrix_k41_alpha0p1_beta1p0_uncapped.txt
SIWKL_inverse_sqrt_G,1/sqrt(G),False,41,0.01,1.0,245243,227844.9,2452.43,0.010763594006273566,0.05166717152545488,-0.07256017726771298,0.17589452031862277,0.051489170186386726,0.05413211704598596,0.9511759930365551,0.881513692003424,0.5,SIWKL_inverse_sqrt_G_matrix_k41_alpha0p01_beta1p0_uncapped.txt
SIWKL_inverse_sqrt_G,1/sqrt(G),False,41,0.001,1.0,245243,227844.9,245.243,0.0010763594006273566,0.05166613877913234,-0.07250869632132637,0.17584097387959105,0.07781894394890036,0.08181367388466854,0.9511728327785465,0.8813822029671354,0.5,SIWKL_inverse_sqrt_G_matrix_k41_alpha0p001_beta1p0_uncapped.txt
SIWKL_inverse_sqrt_G,1/sqrt(G),False,41,0.0001,1.0,245243,227844.9,24.5243,0.00010763594006273566,0.05166561247548699,-0.07248236108861036,0.17581358603958436,0.10384156771538766,0.10917231943057853,0.9511712149838436,0.8813151380865396,0.5,SIWKL_inverse_sqrt_G_matrix_k41_alpha0p0001_beta1p0_uncapped.txt
SIWKL_inverse_sqrt_G,1/sqrt(G),False,41,1e-06,1.0,245243,227844.9,0.245243,1.0763594006273565e-06,0.05166508540686069,-0.07245594627439925,0.17578611708812059,0.15577181034128612,0.1637687029073285,0.9511695920888646,0.8812479176418161,0.5,SIWKL_inverse_sqrt_G_matrix_k41_alpha1em06_beta1p0_uncapped.txt
SIWKL_inverse_sqrt_G,1/sqrt(G),False,51,1.0,1.0,250512,227834.9,250512.0,1.0995330390559128,0.055469944048294105,-0.0792985467348805,0.1902384348314687,0.004598817032471637,0.004851337371175737,0.9479483038626727,0.880128843423521,0.5,SIWKL_inverse_sqrt_G_matrix_k51_alpha1p0_beta1p0_uncapped.txt
SIWKL_inverse_sqrt_G,1/sqrt(G),False,51,0.1,1.0,250512,227834.9,25051.2,0.10995330390559128,0.05546763690242886,-0.07920068774872137,0.1901359615535791,0.030089199748079398,0.03174160635385235,0.947941935031514,0.8799385974670166,0.5,SIWKL_inverse_sqrt_G_matrix_k51_alpha0p1_beta1p0_uncapped.txt
SIWKL_inverse_sqrt_G,1/sqrt(G),False,51,0.01,1.0,250512,227834.9,2505.12,0.010995330390559128,0.055466774875344974,-0.07916327448199265,0.1900968242326826,0.06357653064980079,0.06706813256793617,0.9479394790872014,0.8798697680499178,0.5,SIWKL_inverse_sqrt_G_matrix_k51_alpha0p01_beta1p0_uncapped.txt
SIWKL_inverse_sqrt_G,1/sqrt(G),False,51,0.001,1.0,250512,227834.9,250.512,0.0010995330390559128,0.05546643266738397,-0.07914806784876485,0.19008093318353275,0.09611174141741441,0.10139027400435778,0.947938472020339,0.8798429839891931,0.5,SIWKL_inverse_sqrt_G_matrix_k51_alpha0p001_beta1p0_uncapped.txt
SIWKL_inverse_sqrt_G,1/sqrt(G),False,51,0.0001,1.0,250512,227834.9,25.0512,0.0001099533039055913,0.05546625867661283,-0.07914027754866493,0.1900727949018906,0.1282572621879713,0.1353013259493038,0.947937954695493,0.8798294428901596,0.5,SIWKL_inverse_sqrt_G_matrix_k51_alpha0p0001_beta1p0_uncapped.txt
SIWKL_inverse_sqrt_G,1/sqrt(G),False,51,1e-06,1.0,250512,227834.9,0.250512,1.099533039055913e-06,0.055466084442898134,-0.07913246215053335,0.19006463103632965,0.1924027128506141,0.20296984343762145,0.9479374353941652,0.8798158977228069,0.5,SIWKL_inverse_sqrt_G_matrix_k51_alpha1em06_beta1p0_uncapped.txt
