method,weight_function,capped_weight,k,alpha,beta,sample,class,silhouette_value
SIWKL_inverse_G,1/G,True,15,1.0,1.0,sample01.functional,functional,-0.0043703993910078716
SIWKL_inverse_G,1/G,True,15,1.0,1.0,sample02.functional,functional,-0.00758257303270641
SIWKL_inverse_G,1/G,True,15,1.0,1.0,sample03.functional,functional,-0.0057900412040830206
SIWKL_inverse_G,1/G,True,15,1.0,1.0,sample04.functional,functional,0.0011590626040066227
SIWKL_inverse_G,1/G,True,15,1.0,1.0,sample05.functional,functional,-0.0031717315803099885
SIWKL_inverse_G,1/G,True,15,1.0,1.0,sample06.pathological,pathological,0.039889673468859126
SIWKL_inverse_G,1/G,True,15,1.0,1.0,sample07.pathological,pathological,0.0433852471618276
SIWKL_inverse_G,1/G,True,15,1.0,1.0,sample08.pathological,pathological,0.04400455023060998
SIWKL_inverse_G,1/G,True,15,1.0,1.0,sample09.pathological,pathological,0.04032551266992291
SIWKL_inverse_G,1/G,True,15,1.0,1.0,sample10.pathological,pathological,0.036925370718144244
SIWKL_inverse_G,1/G,True,15,0.1,1.0,sample01.functional,functional,-0.002566087422905569
SIWKL_inverse_G,1/G,True,15,0.1,1.0,sample02.functional,functional,-0.005493766631851133
SIWKL_inverse_G,1/G,True,15,0.1,1.0,sample03.functional,functional,-0.0036762060746973703
SIWKL_inverse_G,1/G,True,15,0.1,1.0,sample04.functional,functional,0.003342557552722951
SIWKL_inverse_G,1/G,True,15,0.1,1.0,sample05.functional,functional,-0.0009327919537199195
SIWKL_inverse_G,1/G,True,15,0.1,1.0,sample06.pathological,pathological,0.037757168636242566
SIWKL_inverse_G,1/G,True,15,0.1,1.0,sample07.pathological,pathological,0.041019986005723916
SIWKL_inverse_G,1/G,True,15,0.1,1.0,sample08.pathological,pathological,0.041795757193648274
SIWKL_inverse_G,1/G,True,15,0.1,1.0,sample09.pathological,pathological,0.03827321030817729
SIWKL_inverse_G,1/G,True,15,0.1,1.0,sample10.pathological,pathological,0.034466893228231266
SIWKL_inverse_G,1/G,True,15,0.01,1.0,sample01.functional,functional,-0.001925413197949884
SIWKL_inverse_G,1/G,True,15,0.01,1.0,sample02.functional,functional,-0.004753833518480888
SIWKL_inverse_G,1/G,True,15,0.01,1.0,sample03.functional,functional,-0.0029258391447589556
SIWKL_inverse_G,1/G,True,15,0.01,1.0,sample04.functional,functional,0.004107285921851772
SIWKL_inverse_G,1/G,True,15,0.01,1.0,sample05.functional,functional,-0.00015080199110685367
SIWKL_inverse_G,1/G,True,15,0.01,1.0,sample06.pathological,pathological,0.037011267097065856
SIWKL_inverse_G,1/G,True,15,0.01,1.0,sample07.pathological,pathological,0.04018701474581435
SIWKL_inverse_G,1/G,True,15,0.01,1.0,sample08.pathological,pathological,0.041016194995131414
SIWKL_inverse_G,1/G,True,15,0.01,1.0,sample09.pathological,pathological,0.03755645618440566
SIWKL_inverse_G,1/G,True,15,0.01,1.0,sample10.pathological,pathological,0.03360411147822952
SIWKL_inverse_G,1/G,True,15,0.001,1.0,sample01.functional,functional,-0.0016683744747989307
SIWKL_inverse_G,1/G,True,15,0.001,1.0,sample02.functional,functional,-0.004457385986251573
SIWKL_inverse_G,1/G,True,15,0.001,1.0,sample03.functional,functional,-0.0026249788040112534
SIWKL_inverse_G,1/G,True,15,0.001,1.0,sample04.functional,functional,0.004412983480967294
SIWKL_inverse_G,1/G,True,15,0.001,1.0,sample05.functional,functional,0.00016158671810841658
SIWKL_inverse_G,1/G,True,15,0.001,1.0,sample06.pathological,pathological,0.03671294816700482
SIWKL_inverse_G,1/G,True,15,0.001,1.0,sample07.pathological,pathological,0.03985368130790156
SIWKL_inverse_G,1/G,True,15,0.001,1.0,sample08.pathological,pathological,0.04070419199782558
SIWKL_inverse_G,1/G,True,15,0.001,1.0,sample09.pathological,pathological,0.03727028204512587
SIWKL_inverse_G,1/G,True,15,0.001,1.0,sample10.pathological,pathological,0.03325897007131367
SIWKL_inverse_G,1/G,True,15,0.0001,1.0,sample01.functional,functional,-0.0015368787944993714
SIWKL_inverse_G,1/G,True,15,0.0001,1.0,sample02.functional,functional,-0.004305794262474568
SIWKL_inverse_G,1/G,True,15,0.0001,1.0,sample03.functional,functional,-0.002471103815371291
SIWKL_inverse_G,1/G,True,15,0.0001,1.0,sample04.functional,functional,0.0045692098647589765
SIWKL_inverse_G,1/G,True,15,0.0001,1.0,sample05.functional,functional,0.00032117640998768486
SIWKL_inverse_G,1/G,True,15,0.0001,1.0,sample06.pathological,pathological,0.03656046174890004
SIWKL_inverse_G,1/G,True,15,0.0001,1.0,sample07.pathological,pathological,0.039683296601184276
SIWKL_inverse_G,1/G,True,15,0.0001,1.0,sample08.pathological,pathological,0.040544721374492276
SIWKL_inverse_G,1/G,True,15,0.0001,1.0,sample09.pathological,pathological,0.037124085470429155
SIWKL_inverse_G,1/G,True,15,0.0001,1.0,sample10.pathological,pathological,0.03308254852070862
SIWKL_inverse_G,1/G,True,15,1e-06,1.0,sample01.functional,functional,-0.0014048968924823334
SIWKL_inverse_G,1/G,True,15,1e-06,1.0,sample02.functional,functional,-0.0041536685257797515
SIWKL_inverse_G,1/G,True,15,1e-06,1.0,sample03.functional,functional,-0.0023166840472942335
SIWKL_inverse_G,1/G,True,15,1e-06,1.0,sample04.functional,functional,0.004725927945024744
SIWKL_inverse_G,1/G,True,15,1e-06,1.0,sample05.functional,functional,0.00048124860452475934
SIWKL_inverse_G,1/G,True,15,1e-06,1.0,sample06.pathological,pathological,0.036407482705794914
SIWKL_inverse_G,1/G,True,15,1e-06,1.0,sample07.pathological,pathological,0.03951235947272919
SIWKL_inverse_G,1/G,True,15,1e-06,1.0,sample08.pathological,pathological,0.04038474335765464
SIWKL_inverse_G,1/G,True,15,1e-06,1.0,sample09.pathological,pathological,0.03697743928388952
SIWKL_inverse_G,1/G,True,15,1e-06,1.0,sample10.pathological,pathological,0.032905550656586555
SIWKL_inverse_G,1/G,True,21,1.0,1.0,sample01.functional,functional,-0.03791510240163107
SIWKL_inverse_G,1/G,True,21,1.0,1.0,sample02.functional,functional,-0.03848963788107509
SIWKL_inverse_G,1/G,True,21,1.0,1.0,sample03.functional,functional,-0.041673113530328626
SIWKL_inverse_G,1/G,True,21,1.0,1.0,sample04.functional,functional,-0.037093460067114836
SIWKL_inverse_G,1/G,True,21,1.0,1.0,sample05.functional,functional,-0.04223402319493309
SIWKL_inverse_G,1/G,True,21,1.0,1.0,sample06.pathological,pathological,0.08351446115995675
SIWKL_inverse_G,1/G,True,21,1.0,1.0,sample07.pathological,pathological,0.08752155734272901
SIWKL_inverse_G,1/G,True,21,1.0,1.0,sample08.pathological,pathological,0.08510683667892131
SIWKL_inverse_G,1/G,True,21,1.0,1.0,sample09.pathological,pathological,0.0852589010103143
SIWKL_inverse_G,1/G,True,21,1.0,1.0,sample10.pathological,pathological,0.08422853006007644
SIWKL_inverse_G,1/G,True,21,0.1,1.0,sample01.functional,functional,-0.03716601285487352
SIWKL_inverse_G,1/G,True,21,0.1,1.0,sample02.functional,functional,-0.03719284986254715
SIWKL_inverse_G,1/G,True,21,0.1,1.0,sample03.functional,functional,-0.04056500374787142
SIWKL_inverse_G,1/G,True,21,0.1,1.0,sample04.functional,functional,-0.035863674890538655
SIWKL_inverse_G,1/G,True,21,0.1,1.0,sample05.functional,functional,-0.0408216148410613
SIWKL_inverse_G,1/G,True,21,0.1,1.0,sample06.pathological,pathological,0.08220261587734042
SIWKL_inverse_G,1/G,True,21,0.1,1.0,sample07.pathological,pathological,0.08609299648236127
SIWKL_inverse_G,1/G,True,21,0.1,1.0,sample08.pathological,pathological,0.08371260471048568
SIWKL_inverse_G,1/G,True,21,0.1,1.0,sample09.pathological,pathological,0.0839822505545057
SIWKL_inverse_G,1/G,True,21,0.1,1.0,sample10.pathological,pathological,0.08270991079314471
SIWKL_inverse_G,1/G,True,21,0.01,1.0,sample01.functional,functional,-0.036901758454423596
SIWKL_inverse_G,1/G,True,21,0.01,1.0,sample02.functional,functional,-0.03671379046145147
SIWKL_inverse_G,1/G,True,21,0.01,1.0,sample03.functional,functional,-0.04015599545513851
SIWKL_inverse_G,1/G,True,21,0.01,1.0,sample04.functional,functional,-0.03541717194818727
SIWKL_inverse_G,1/G,True,21,0.01,1.0,sample05.functional,functional,-0.040311576025376605
SIWKL_inverse_G,1/G,True,21,0.01,1.0,sample06.pathological,pathological,0.0817345296823252
SIWKL_inverse_G,1/G,True,21,0.01,1.0,sample07.pathological,pathological,0.08557838748918616
SIWKL_inverse_G,1/G,True,21,0.01,1.0,sample08.pathological,pathological,0.08321133391345442
SIWKL_inverse_G,1/G,True,21,0.01,1.0,sample09.pathological,pathological,0.08352768125741065
SIWKL_inverse_G,1/G,True,21,0.01,1.0,sample10.pathological,pathological,0.08216639348306251
SIWKL_inverse_G,1/G,True,21,0.001,1.0,sample01.functional,functional,-0.03679587571030907
SIWKL_inverse_G,1/G,True,21,0.001,1.0,sample02.functional,functional,-0.036520625676204156
SIWKL_inverse_G,1/G,True,21,0.001,1.0,sample03.functional,functional,-0.03999097019436808
SIWKL_inverse_G,1/G,True,21,0.001,1.0,sample04.functional,functional,-0.035237570486559386
SIWKL_inverse_G,1/G,True,21,0.001,1.0,sample05.functional,functional,-0.040106825521859776
SIWKL_inverse_G,1/G,True,21,0.001,1.0,sample06.pathological,pathological,0.08154664214416087
SIWKL_inverse_G,1/G,True,21,0.001,1.0,sample07.pathological,pathological,0.08537169019732746
SIWKL_inverse_G,1/G,True,21,0.001,1.0,sample08.pathological,pathological,0.08301013145372088
SIWKL_inverse_G,1/G,True,21,0.001,1.0,sample09.pathological,pathological,0.08334572842539743
SIWKL_inverse_G,1/G,True,21,0.001,1.0,sample10.pathological,pathological,0.08194823846184876
SIWKL_inverse_G,1/G,True,21,0.0001,1.0,sample01.functional,functional,-0.03674172666313849
SIWKL_inverse_G,1/G,True,21,0.0001,1.0,sample02.functional,functional,-0.03642179640302003
SIWKL_inverse_G,1/G,True,21,0.0001,1.0,sample03.functional,functional,-0.03990651157052956
SIWKL_inverse_G,1/G,True,21,0.0001,1.0,sample04.functional,functional,-0.03514569813007934
SIWKL_inverse_G,1/G,True,21,0.0001,1.0,sample05.functional,functional,-0.04000214650052778
SIWKL_inverse_G,1/G,True,21,0.0001,1.0,sample06.pathological,pathological,0.08145056065525128
SIWKL_inverse_G,1/G,True,21,0.0001,1.0,sample07.pathological,pathological,0.08526600034342503
SIWKL_inverse_G,1/G,True,21,0.0001,1.0,sample08.pathological,pathological,0.08290726788065765
SIWKL_inverse_G,1/G,True,21,0.0001,1.0,sample09.pathological,pathological,0.08325276828674019
SIWKL_inverse_G,1/G,True,21,0.0001,1.0,sample10.pathological,pathological,0.08183668814622015
SIWKL_inverse_G,1/G,True,21,1e-06,1.0,sample01.functional,functional,-0.036687390835705956
SIWKL_inverse_G,1/G,True,21,1e-06,1.0,sample02.functional,functional,-0.036322641504738566
SIWKL_inverse_G,1/G,True,21,1e-06,1.0,sample03.functional,functional,-0.03982176421489326
SIWKL_inverse_G,1/G,True,21,1e-06,1.0,sample04.functional,functional,-0.035053522069978596
SIWKL_inverse_G,1/G,True,21,1e-06,1.0,sample05.functional,functional,-0.03989713863089877
SIWKL_inverse_G,1/G,True,21,1e-06,1.0,sample06.pathological,pathological,0.08135417548158293
SIWKL_inverse_G,1/G,True,21,1e-06,1.0,sample07.pathological,pathological,0.08515998042851518
SIWKL_inverse_G,1/G,True,21,1e-06,1.0,sample08.pathological,pathological,0.0828040868525788
SIWKL_inverse_G,1/G,True,21,1e-06,1.0,sample09.pathological,pathological,0.08315953642676023
SIWKL_inverse_G,1/G,True,21,1e-06,1.0,sample10.pathological,pathological,0.08172478305547742
SIWKL_inverse_G,1/G,True,31,1.0,1.0,sample01.functional,functional,-0.05866639921333571
SIWKL_inverse_G,1/G,True,31,1.0,1.0,sample02.functional,functional,-0.05855458452894937
SIWKL_inverse_G,1/G,True,31,1.0,1.0,sample03.functional,functional,-0.0601790714234989
SIWKL_inverse_G,1/G,True,31,1.0,1.0,sample04.functional,functional,-0.05772713461813451
SIWKL_inverse_G,1/G,True,31,1.0,1.0,sample05.functional,functional,-0.06565709276888501
SIWKL_inverse_G,1/G,True,31,1.0,1.0,sample06.pathological,pathological,0.11637668194275327
SIWKL_inverse_G,1/G,True,31,1.0,1.0,sample07.pathological,pathological,0.11924855512018141
SIWKL_inverse_G,1/G,True,31,1.0,1.0,sample08.pathological,pathological,0.1163121895049844
SIWKL_inverse_G,1/G,True,31,1.0,1.0,sample09.pathological,pathological,0.11969422307363943
SIWKL_inverse_G,1/G,True,31,1.0,1.0,sample10.pathological,pathological,0.12085784039969498
SIWKL_inverse_G,1/G,True,31,0.1,1.0,sample01.functional,functional,-0.05824076743143619
SIWKL_inverse_G,1/G,True,31,0.1,1.0,sample02.functional,functional,-0.05801900182504064
SIWKL_inverse_G,1/G,True,31,0.1,1.0,sample03.functional,functional,-0.05981109634683539
SIWKL_inverse_G,1/G,True,31,0.1,1.0,sample04.functional,functional,-0.05725353207915688
SIWKL_inverse_G,1/G,True,31,0.1,1.0,sample05.functional,functional,-0.06511631495159273
SIWKL_inverse_G,1/G,True,31,0.1,1.0,sample06.pathological,pathological,0.11573952005630919
SIWKL_inverse_G,1/G,True,31,0.1,1.0,sample07.pathological,pathological,0.11859617663687809
SIWKL_inverse_G,1/G,True,31,0.1,1.0,sample08.pathological,pathological,0.11563659870495605
SIWKL_inverse_G,1/G,True,31,0.1,1.0,sample09.pathological,pathological,0.11897821747371123
SIWKL_inverse_G,1/G,True,31,0.1,1.0,sample10.pathological,pathological,0.12012113359732045
SIWKL_inverse_G,1/G,True,31,0.01,1.0,sample01.functional,functional,-0.05808753879948959
SIWKL_inverse_G,1/G,True,31,0.01,1.0,sample02.functional,functional,-0.05782171761485022
SIWKL_inverse_G,1/G,True,31,0.01,1.0,sample03.functional,functional,-0.05967515839343495
SIWKL_inverse_G,1/G,True,31,0.01,1.0,sample04.functional,functional,-0.05707710314039891
SIWKL_inverse_G,1/G,True,31,0.01,1.0,sample05.functional,functional,-0.06491710798516324
SIWKL_inverse_G,1/G,True,31,0.01,1.0,sample06.pathological,pathological,0.11550372381218707
SIWKL_inverse_G,1/G,True,31,0.01,1.0,sample07.pathological,pathological,0.1183552132082328
SIWKL_inverse_G,1/G,True,31,0.01,1.0,sample08.pathological,pathological,0.11538721567249034
SIWKL_inverse_G,1/G,True,31,0.01,1.0,sample09.pathological,pathological,0.11871387653438596
SIWKL_inverse_G,1/G,True,31,0.01,1.0,sample10.pathological,pathological,0.11984765930759578
SIWKL_inverse_G,1/G,True,31,0.001,1.0,sample01.functional,functional,-0.0580259071518443
SIWKL_inverse_G,1/G,True,31,0.001,1.0,sample02.functional,functional,-0.057742230905165205
SIWKL_inverse_G,1/G,True,31,0.001,1.0,sample03.functional,functional,-0.05962022777799751
SIWKL_inverse_G,1/G,True,31,0.001,1.0,sample04.functional,functional,-0.05700577101110139
SIWKL_inverse_G,1/G,True,31,0.001,1.0,sample05.functional,functional,-0.06483692783329195
SIWKL_inverse_G,1/G,True,31,0.001,1.0,sample06.pathological,pathological,0.11540839215280808
SIWKL_inverse_G,1/G,True,31,0.001,1.0,sample07.pathological,pathological,0.11825802936313241
SIWKL_inverse_G,1/G,True,31,0.001,1.0,sample08.pathological,pathological,0.11528670694904151
SIWKL_inverse_G,1/G,True,31,0.001,1.0,sample09.pathological,pathological,0.11860756072630772
SIWKL_inverse_G,1/G,True,31,0.001,1.0,sample10.pathological,pathological,0.11973719416552249
SIWKL_inverse_G,1/G,True,31,0.0001,1.0,sample01.functional,functional,-0.05799437961158045
SIWKL_inverse_G,1/G,True,31,0.0001,1.0,sample02.functional,functional,-0.05770157881234747
SIWKL_inverse_G,1/G,True,31,0.0001,1.0,sample03.functional,functional,-0.05959210840949913
SIWKL_inverse_G,1/G,True,31,0.0001,1.0,sample04.functional,functional,-0.056969258462469
SIWKL_inverse_G,1/G,True,31,0.0001,1.0,sample05.functional,functional,-0.06479593417182965
SIWKL_inverse_G,1/G,True,31,0.0001,1.0,sample06.pathological,pathological,0.11535958738519696
SIWKL_inverse_G,1/G,True,31,0.0001,1.0,sample07.pathological,pathological,0.1182083147891107
SIWKL_inverse_G,1/G,True,31,0.0001,1.0,sample08.pathological,pathological,0.11523530280324676
SIWKL_inverse_G,1/G,True,31,0.0001,1.0,sample09.pathological,pathological,0.11855322576500897
SIWKL_inverse_G,1/G,True,31,0.0001,1.0,sample10.pathological,pathological,0.11968066324788125
SIWKL_inverse_G,1/G,True,31,1e-06,1.0,sample01.functional,functional,-0.05796275233985351
SIWKL_inverse_G,1/G,True,31,1e-06,1.0,sample02.functional,functional,-0.05766080347468489
SIWKL_inverse_G,1/G,True,31,1e-06,1.0,sample03.functional,functional,-0.05956389697724184
SIWKL_inverse_G,1/G,True,31,1e-06,1.0,sample04.functional,functional,-0.05693262870610205
SIWKL_inverse_G,1/G,True,31,1e-06,1.0,sample05.functional,functional,-0.0647548192985751
SIWKL_inverse_G,1/G,True,31,1e-06,1.0,sample06.pathological,pathological,0.1153106261582275
SIWKL_inverse_G,1/G,True,31,1e-06,1.0,sample07.pathological,pathological,0.1181584494194896
SIWKL_inverse_G,1/G,True,31,1e-06,1.0,sample08.pathological,pathological,0.11518374510806159
SIWKL_inverse_G,1/G,True,31,1e-06,1.0,sample09.pathological,pathological,0.11849873729539871
SIWKL_inverse_G,1/G,True,31,1e-06,1.0,sample10.pathological,pathological,0.11962395416649675
SIWKL_inverse_G,1/G,True,41,1.0,1.0,sample01.functional,functional,-0.07018500632243799
SIWKL_inverse_G,1/G,True,41,1.0,1.0,sample02.functional,functional,-0.06830461269645534
SIWKL_inverse_G,1/G,True,41,1.0,1.0,sample03.functional,functional,-0.07032973273915982
SIWKL_inverse_G,1/G,True,41,1.0,1.0,sample04.functional,functional,-0.06786844817675683
SIWKL_inverse_G,1/G,True,41,1.0,1.0,sample05.functional,functional,-0.07547368890737491
SIWKL_inverse_G,1/G,True,41,1.0,1.0,sample06.pathological,pathological,0.1338646895812133
SIWKL_inverse_G,1/G,True,41,1.0,1.0,sample07.pathological,pathological,0.13538727281013377
SIWKL_inverse_G,1/G,True,41,1.0,1.0,sample08.pathological,pathological,0.13353562358332963
SIWKL_inverse_G,1/G,True,41,1.0,1.0,sample09.pathological,pathological,0.13882049724812595
SIWKL_inverse_G,1/G,True,41,1.0,1.0,sample10.pathological,pathological,0.14060244268549857
SIWKL_inverse_G,1/G,True,41,0.1,1.0,sample01.functional,functional,-0.06998977407670608
SIWKL_inverse_G,1/G,True,41,0.1,1.0,sample02.functional,functional,-0.06812528386287157
SIWKL_inverse_G,1/G,True,41,0.1,1.0,sample03.functional,functional,-0.07025808882264864
SIWKL_inverse_G,1/G,True,41,0.1,1.0,sample04.functional,functional,-0.06777397553678083
SIWKL_inverse_G,1/G,True,41,0.1,1.0,sample05.functional,functional,-0.07528840321250402
SIWKL_inverse_G,1/G,True,41,0.1,1.0,sample06.pathological,pathological,0.13371548602027236
SIWKL_inverse_G,1/G,True,41,0.1,1.0,sample07.pathological,pathological,0.1352298354740138
SIWKL_inverse_G,1/G,True,41,0.1,1.0,sample08.pathological,pathological,0.13337210708236255
SIWKL_inverse_G,1/G,True,41,0.1,1.0,sample09.pathological,pathological,0.1386552202511666
SIWKL_inverse_G,1/G,True,41,0.1,1.0,sample10.pathological,pathological,0.14045020767377295
SIWKL_inverse_G,1/G,True,41,0.01,1.0,sample01.functional,functional,-0.06991671246297457
SIWKL_inverse_G,1/G,True,41,0.01,1.0,sample02.functional,functional,-0.06805900101892716
SIWKL_inverse_G,1/G,True,41,0.01,1.0,sample03.functional,functional,-0.07023073656315493
SIWKL_inverse_G,1/G,True,41,0.01,1.0,sample04.functional,functional,-0.0677384359326454
SIWKL_inverse_G,1/G,True,41,0.01,1.0,sample05.functional,functional,-0.07522004259367521
SIWKL_inverse_G,1/G,True,41,0.01,1.0,sample06.pathological,pathological,0.13365935165604623
SIWKL_inverse_G,1/G,True,41,0.01,1.0,sample07.pathological,pathological,0.13517114916069056
SIWKL_inverse_G,1/G,True,41,0.01,1.0,sample08.pathological,pathological,0.13331131332290408
SIWKL_inverse_G,1/G,True,41,0.01,1.0,sample09.pathological,pathological,0.13859435457791097
SIWKL_inverse_G,1/G,True,41,0.01,1.0,sample10.pathological,pathological,0.14039326696737403
SIWKL_inverse_G,1/G,True,41,0.001,1.0,sample01.functional,functional,-0.06988708751672242
SIWKL_inverse_G,1/G,True,41,0.001,1.0,sample02.functional,functional,-0.06803231232838344
SIWKL_inverse_G,1/G,True,41,0.001,1.0,sample03.functional,functional,-0.07021953623683762
SIWKL_inverse_G,1/G,True,41,0.001,1.0,sample04.functional,functional,-0.06772396046932387
SIWKL_inverse_G,1/G,True,41,0.001,1.0,sample05.functional,functional,-0.07519259687291745
SIWKL_inverse_G,1/G,True,41,0.001,1.0,sample06.pathological,pathological,0.13363640504473592
SIWKL_inverse_G,1/G,True,41,0.001,1.0,sample07.pathological,pathological,0.13514741320611146
SIWKL_inverse_G,1/G,True,41,0.001,1.0,sample08.pathological,pathological,0.13328679773137736
SIWKL_inverse_G,1/G,True,41,0.001,1.0,sample09.pathological,pathological,0.13857008183492742
SIWKL_inverse_G,1/G,True,41,0.001,1.0,sample10.pathological,pathological,0.14037014756071328
SIWKL_inverse_G,1/G,True,41,0.0001,1.0,sample01.functional,functional,-0.06987191282258404
SIWKL_inverse_G,1/G,True,41,0.0001,1.0,sample02.functional,functional,-0.0680186678865918
SIWKL_inverse_G,1/G,True,41,0.0001,1.0,sample03.functional,functional,-0.07021378393456308
SIWKL_inverse_G,1/G,True,41,0.0001,1.0,sample04.functional,functional,-0.06771653564110301
SIWKL_inverse_G,1/G,True,41,0.0001,1.0,sample05.functional,functional,-0.07517857812330989
SIWKL_inverse_G,1/G,True,41,0.0001,1.0,sample06.pathological,pathological,0.1336246202867612
SIWKL_inverse_G,1/G,True,41,0.0001,1.0,sample07.pathological,pathological,0.1351352636427489
SIWKL_inverse_G,1/G,True,41,0.0001,1.0,sample08.pathological,pathological,0.1332742608070564
SIWKL_inverse_G,1/G,True,41,0.0001,1.0,sample09.pathological,pathological,0.13855771311500759
SIWKL_inverse_G,1/G,True,41,0.0001,1.0,sample10.pathological,pathological,0.14035829916320514
SIWKL_inverse_G,1/G,True,41,1e-06,1.0,sample01.functional,functional,-0.06985668902910143
SIWKL_inverse_G,1/G,True,41,1e-06,1.0,sample02.functional,functional,-0.06800498478205273
SIWKL_inverse_G,1/G,True,41,1e-06,1.0,sample03.functional,functional,-0.0702080096302923
SIWKL_inverse_G,1/G,True,41,1e-06,1.0,sample04.functional,functional,-0.06770908437479387
SIWKL_inverse_G,1/G,True,41,1e-06,1.0,sample05.functional,functional,-0.0751645224961652
SIWKL_inverse_G,1/G,True,41,1e-06,1.0,sample06.pathological,pathological,0.13361279047524044
SIWKL_inverse_G,1/G,True,41,1e-06,1.0,sample07.pathological,pathological,0.13512307664615691
SIWKL_inverse_G,1/G,True,41,1e-06,1.0,sample08.pathological,pathological,0.1332616878568702
SIWKL_inverse_G,1/G,True,41,1e-06,1.0,sample09.pathological,pathological,0.13854531867838465
SIWKL_inverse_G,1/G,True,41,1e-06,1.0,sample10.pathological,pathological,0.14034641104984616
SIWKL_inverse_G,1/G,True,51,1.0,1.0,sample01.functional,functional,-0.07734697095743505
SIWKL_inverse_G,1/G,True,51,1.0,1.0,sample02.functional,functional,-0.0747581869274695
SIWKL_inverse_G,1/G,True,51,1.0,1.0,sample03.functional,functional,-0.07566289479052292
SIWKL_inverse_G,1/G,True,51,1.0,1.0,sample04.functional,functional,-0.07375379782917629
SIWKL_inverse_G,1/G,True,51,1.0,1.0,sample05.functional,functional,-0.08251936667176768
SIWKL_inverse_G,1/G,True,51,1.0,1.0,sample06.pathological,pathological,0.1454747652339425
SIWKL_inverse_G,1/G,True,51,1.0,1.0,sample07.pathological,pathological,0.14656476370337154
SIWKL_inverse_G,1/G,True,51,1.0,1.0,sample08.pathological,pathological,0.14578643678687186
SIWKL_inverse_G,1/G,True,51,1.0,1.0,sample09.pathological,pathological,0.1507103798773158
SIWKL_inverse_G,1/G,True,51,1.0,1.0,sample10.pathological,pathological,0.15270002497273785
SIWKL_inverse_G,1/G,True,51,0.1,1.0,sample01.functional,functional,-0.07728644580413356
SIWKL_inverse_G,1/G,True,51,0.1,1.0,sample02.functional,functional,-0.07469624594533274
SIWKL_inverse_G,1/G,True,51,0.1,1.0,sample03.functional,functional,-0.0756295665854977
SIWKL_inverse_G,1/G,True,51,0.1,1.0,sample04.functional,functional,-0.07374595095281937
SIWKL_inverse_G,1/G,True,51,0.1,1.0,sample05.functional,functional,-0.08245913120524076
SIWKL_inverse_G,1/G,True,51,0.1,1.0,sample06.pathological,pathological,0.14543254749970294
SIWKL_inverse_G,1/G,True,51,0.1,1.0,sample07.pathological,pathological,0.14651560953717163
SIWKL_inverse_G,1/G,True,51,0.1,1.0,sample08.pathological,pathological,0.1457344351837513
SIWKL_inverse_G,1/G,True,51,0.1,1.0,sample09.pathological,pathological,0.150653378490357
SIWKL_inverse_G,1/G,True,51,0.1,1.0,sample10.pathological,pathological,0.15265436690186437
SIWKL_inverse_G,1/G,True,51,0.01,1.0,sample01.functional,functional,-0.07726288437002973
SIWKL_inverse_G,1/G,True,51,0.01,1.0,sample02.functional,functional,-0.07467284557469114
SIWKL_inverse_G,1/G,True,51,0.01,1.0,sample03.functional,functional,-0.07561629991492756
SIWKL_inverse_G,1/G,True,51,0.01,1.0,sample04.functional,functional,-0.07374256705472848
SIWKL_inverse_G,1/G,True,51,0.01,1.0,sample05.functional,functional,-0.0824367256765427
SIWKL_inverse_G,1/G,True,51,0.01,1.0,sample06.pathological,pathological,0.1454157619283651
SIWKL_inverse_G,1/G,True,51,0.01,1.0,sample07.pathological,pathological,0.14649671256119243
SIWKL_inverse_G,1/G,True,51,0.01,1.0,sample08.pathological,pathological,0.14571461342768996
SIWKL_inverse_G,1/G,True,51,0.01,1.0,sample09.pathological,pathological,0.15063226403747043
SIWKL_inverse_G,1/G,True,51,0.01,1.0,sample10.pathological,pathological,0.152636605623324
SIWKL_inverse_G,1/G,True,51,0.001,1.0,sample01.functional,functional,-0.0772531896441062
SIWKL_inverse_G,1/G,True,51,0.001,1.0,sample02.functional,functional,-0.07466340672513712
SIWKL_inverse_G,1/G,True,51,0.001,1.0,sample03.functional,functional,-0.07561077063897133
SIWKL_inverse_G,1/G,True,51,0.001,1.0,sample04.functional,functional,-0.07374105993337779
SIWKL_inverse_G,1/G,True,51,0.001,1.0,sample05.functional,functional,-0.08242778421532736
SIWKL_inverse_G,1/G,True,51,0.001,1.0,sample06.pathological,pathological,0.14540865807387113
SIWKL_inverse_G,1/G,True,51,0.001,1.0,sample07.pathological,pathological,0.14648899682851654
SIWKL_inverse_G,1/G,True,51,0.001,1.0,sample08.pathological,pathological,0.145706594708312
SIWKL_inverse_G,1/G,True,51,0.001,1.0,sample09.pathological,pathological,0.15062399971137685
SIWKL_inverse_G,1/G,True,51,0.001,1.0,sample10.pathological,pathological,0.15262926089693804
SIWKL_inverse_G,1/G,True,51,0.0001,1.0,sample01.functional,functional,-0.0772482057960699
SIWKL_inverse_G,1/G,True,51,0.0001,1.0,sample02.functional,functional,-0.074658581546734
SIWKL_inverse_G,1/G,True,51,0.0001,1.0,sample03.functional,functional,-0.07560791814619679
SIWKL_inverse_G,1/G,True,51,0.0001,1.0,sample04.functional,functional,-0.07374026780917342
SIWKL_inverse_G,1/G,True,51,0.0001,1.0,sample05.functional,functional,-0.08242322733291234
SIWKL_inverse_G,1/G,True,51,0.0001,1.0,sample06.pathological,pathological,0.14540497367888663
SIWKL_inverse_G,1/G,True,51,0.0001,1.0,sample07.pathological,pathological,0.14648503874113075
SIWKL_inverse_G,1/G,True,51,0.0001,1.0,sample08.pathological,pathological,0.14570249312861025
SIWKL_inverse_G,1/G,True,51,0.0001,1.0,sample09.pathological,pathological,0.1506198174429334
SIWKL_inverse_G,1/G,True,51,0.0001,1.0,sample10.pathological,pathological,0.15262547826889786
SIWKL_inverse_G,1/G,True,51,1e-06,1.0,sample01.functional,functional,-0.07724320223138315
SIWKL_inverse_G,1/G,True,51,1e-06,1.0,sample02.functional,functional,-0.07465374307513167
SIWKL_inverse_G,1/G,True,51,1e-06,1.0,sample03.functional,functional,-0.07560505221281133
SIWKL_inverse_G,1/G,True,51,1e-06,1.0,sample04.functional,functional,-0.07373946875921213
SIWKL_inverse_G,1/G,True,51,1e-06,1.0,sample05.functional,functional,-0.08241866090894581
SIWKL_inverse_G,1/G,True,51,1e-06,1.0,sample06.pathological,pathological,0.14540126741830833
SIWKL_inverse_G,1/G,True,51,1e-06,1.0,sample07.pathological,pathological,0.14648106678168435
SIWKL_inverse_G,1/G,True,51,1e-06,1.0,sample08.pathological,pathological,0.1456983798284725
SIWKL_inverse_G,1/G,True,51,1e-06,1.0,sample09.pathological,pathological,0.15061563326123728
SIWKL_inverse_G,1/G,True,51,1e-06,1.0,sample10.pathological,pathological,0.1526216790757148
