method,k,alpha,beta,sample,class,silhouette_value
SIWKL,15,1.0,1.0,sample01.functional,functional,-0.01693161726959248
SIWKL,15,1.0,1.0,sample02.functional,functional,-0.019887757808078416
SIWKL,15,1.0,1.0,sample03.functional,functional,-0.021404822353455526
SIWKL,15,1.0,1.0,sample04.functional,functional,-0.009934207572773355
SIWKL,15,1.0,1.0,sample05.functional,functional,-0.01905859985232042
SIWKL,15,1.0,1.0,sample06.pathological,pathological,0.10231800874397665
SIWKL,15,1.0,1.0,sample07.pathological,pathological,0.10970931545007806
SIWKL,15,1.0,1.0,sample08.pathological,pathological,0.10899787560779868
SIWKL,15,1.0,1.0,sample09.pathological,pathological,0.10868653698686485
SIWKL,15,1.0,1.0,sample10.pathological,pathological,0.10146778678676509
SIWKL,15,0.1,1.0,sample01.functional,functional,-0.006771886844753309
SIWKL,15,0.1,1.0,sample02.functional,functional,-0.009066762313329906
SIWKL,15,0.1,1.0,sample03.functional,functional,-0.0107461852289835
SIWKL,15,0.1,1.0,sample04.functional,functional,0.001940481334326574
SIWKL,15,0.1,1.0,sample05.functional,functional,-0.00710076156987355
SIWKL,15,0.1,1.0,sample06.pathological,pathological,0.0911024291890496
SIWKL,15,0.1,1.0,sample07.pathological,pathological,0.09754137205324874
SIWKL,15,0.1,1.0,sample08.pathological,pathological,0.09752309992010785
SIWKL,15,0.1,1.0,sample09.pathological,pathological,0.09798198634794844
SIWKL,15,0.1,1.0,sample10.pathological,pathological,0.08873639435501546
SIWKL,15,0.01,1.0,sample01.functional,functional,-0.0033635219516773927
SIWKL,15,0.01,1.0,sample02.functional,functional,-0.005411256517572753
SIWKL,15,0.01,1.0,sample03.functional,functional,-0.007107361624931211
SIWKL,15,0.01,1.0,sample04.functional,functional,0.005873030764344057
SIWKL,15,0.01,1.0,sample05.functional,functional,-0.003177317678324474
SIWKL,15,0.01,1.0,sample06.pathological,pathological,0.08748166579787077
SIWKL,15,0.01,1.0,sample07.pathological,pathological,0.0935240262205219
SIWKL,15,0.01,1.0,sample08.pathological,pathological,0.09374348764155403
SIWKL,15,0.01,1.0,sample09.pathological,pathological,0.09454212158782838
SIWKL,15,0.01,1.0,sample10.pathological,pathological,0.08456394869945434
SIWKL,15,0.001,1.0,sample01.functional,functional,-0.0020001415937000353
SIWKL,15,0.001,1.0,sample02.functional,functional,-0.003949141532959739
SIWKL,15,0.001,1.0,sample03.functional,functional,-0.005649466532119393
SIWKL,15,0.001,1.0,sample04.functional,functional,0.007432246178450261
SIWKL,15,0.001,1.0,sample05.functional,functional,-0.0016179605392705138
SIWKL,15,0.001,1.0,sample06.pathological,pathological,0.08604835039294934
SIWKL,15,0.001,1.0,sample07.pathological,pathological,0.09192723745225749
SIWKL,15,0.001,1.0,sample08.pathological,pathological,0.09224232265027356
SIWKL,15,0.001,1.0,sample09.pathological,pathological,0.09318239478764838
SIWKL,15,0.001,1.0,sample10.pathological,pathological,0.08290735826802591
SIWKL,15,0.0001,1.0,sample01.functional,functional,-0.0013003762020301365
SIWKL,15,0.0001,1.0,sample02.functional,functional,-0.0031989641804903743
SIWKL,15,0.0001,1.0,sample03.functional,functional,-0.004901256713834455
SIWKL,15,0.0001,1.0,sample04.functional,functional,0.008229534222081353
SIWKL,15,0.0001,1.0,sample05.functional,functional,-0.0008191649416026729
SIWKL,15,0.0001,1.0,sample06.pathological,pathological,0.08531527446355024
SIWKL,15,0.0001,1.0,sample07.pathological,pathological,0.09110993564452251
SIWKL,15,0.0001,1.0,sample08.pathological,pathological,0.09147426178012652
SIWKL,15,0.0001,1.0,sample09.pathological,pathological,0.09248731413629004
SIWKL,15,0.0001,1.0,sample10.pathological,pathological,0.08205950595907957
SIWKL,15,1e-06,1.0,sample01.functional,functional,-0.0005955710920059163
SIWKL,15,1e-06,1.0,sample02.functional,functional,-0.002443611848812999
SIWKL,15,1e-06,1.0,sample03.functional,functional,-0.004147849922757543
SIWKL,15,1e-06,1.0,sample04.functional,functional,0.009030546723388029
SIWKL,15,1e-06,1.0,sample05.functional,functional,-1.5480297516788482e-05
SIWKL,15,1e-06,1.0,sample06.pathological,pathological,0.08457849207669003
SIWKL,15,1e-06,1.0,sample07.pathological,pathological,0.0902882885104907
SIWKL,15,1e-06,1.0,sample08.pathological,pathological,0.09070233157678768
SIWKL,15,1e-06,1.0,sample09.pathological,pathological,0.09178891831532811
SIWKL,15,1e-06,1.0,sample10.pathological,pathological,0.08120709491797314
SIWKL,21,1.0,1.0,sample01.functional,functional,-0.04987149319273425
SIWKL,21,1.0,1.0,sample02.functional,functional,-0.05054192275354056
SIWKL,21,1.0,1.0,sample03.functional,functional,-0.05249419134020876
SIWKL,21,1.0,1.0,sample04.functional,functional,-0.04637750329705168
SIWKL,21,1.0,1.0,sample05.functional,functional,-0.05731918015883048
SIWKL,21,1.0,1.0,sample06.pathological,pathological,0.15115327419588465
SIWKL,21,1.0,1.0,sample07.pathological,pathological,0.15850767410372713
SIWKL,21,1.0,1.0,sample08.pathological,pathological,0.15777394195021274
SIWKL,21,1.0,1.0,sample09.pathological,pathological,0.16096195115505207
SIWKL,21,1.0,1.0,sample10.pathological,pathological,0.155574261511609
SIWKL,21,0.1,1.0,sample01.functional,functional,-0.045341556657872484
SIWKL,21,0.1,1.0,sample02.functional,functional,-0.04573161642909544
SIWKL,21,0.1,1.0,sample03.functional,functional,-0.04862291026948317
SIWKL,21,0.1,1.0,sample04.functional,functional,-0.04142295024861306
SIWKL,21,0.1,1.0,sample05.functional,functional,-0.05158861680162801
SIWKL,21,0.1,1.0,sample06.pathological,pathological,0.14535683762390023
SIWKL,21,0.1,1.0,sample07.pathological,pathological,0.15231133055734877
SIWKL,21,0.1,1.0,sample08.pathological,pathological,0.1517470792826027
SIWKL,21,0.1,1.0,sample09.pathological,pathological,0.15542168273224816
SIWKL,21,0.1,1.0,sample10.pathological,pathological,0.1489868579870701
SIWKL,21,0.01,1.0,sample01.functional,functional,-0.0438371945372421
SIWKL,21,0.01,1.0,sample02.functional,functional,-0.044031751102462546
SIWKL,21,0.01,1.0,sample03.functional,functional,-0.04724386701840024
SIWKL,21,0.01,1.0,sample04.functional,functional,-0.03971143475823762
SIWKL,21,0.01,1.0,sample05.functional,functional,-0.04963785585237422
SIWKL,21,0.01,1.0,sample06.pathological,pathological,0.14347020169402178
SIWKL,21,0.01,1.0,sample07.pathological,pathological,0.15024191894866587
SIWKL,21,0.01,1.0,sample08.pathological,pathological,0.14974822889945938
SIWKL,21,0.01,1.0,sample09.pathological,pathological,0.15362964590650394
SIWKL,21,0.01,1.0,sample10.pathological,pathological,0.14681000887056853
SIWKL,21,0.001,1.0,sample01.functional,functional,-0.04323894934049072
SIWKL,21,0.001,1.0,sample02.functional,functional,-0.04334879760649405
SIWKL,21,0.001,1.0,sample03.functional,functional,-0.0466889342904349
SIWKL,21,0.001,1.0,sample04.functional,functional,-0.039027131362450736
SIWKL,21,0.001,1.0,sample05.functional,functional,-0.04886023537390621
SIWKL,21,0.001,1.0,sample06.pathological,pathological,0.1427234852958629
SIWKL,21,0.001,1.0,sample07.pathological,pathological,0.14941917449313086
SIWKL,21,0.001,1.0,sample08.pathological,pathological,0.14895459776864353
SIWKL,21,0.001,1.0,sample09.pathological,pathological,0.15292168107340948
SIWKL,21,0.001,1.0,sample10.pathological,pathological,0.14594587083078234
SIWKL,21,0.0001,1.0,sample01.functional,functional,-0.042932848210418297
SIWKL,21,0.0001,1.0,sample02.functional,functional,-0.04299892089596797
SIWKL,21,0.0001,1.0,sample03.functional,functional,-0.04640448292320417
SIWKL,21,0.0001,1.0,sample04.functional,functional,-0.03867683807071932
SIWKL,21,0.0001,1.0,sample05.functional,functional,-0.048462458526754945
SIWKL,21,0.0001,1.0,sample06.pathological,pathological,0.14234201642301214
SIWKL,21,0.0001,1.0,sample07.pathological,pathological,0.1489985896604354
SIWKL,21,0.0001,1.0,sample08.pathological,pathological,0.14854898844703562
SIWKL,21,0.0001,1.0,sample09.pathological,pathological,0.15256021254876775
SIWKL,21,0.0001,1.0,sample10.pathological,pathological,0.1455041096947814
SIWKL,21,1e-06,1.0,sample01.functional,functional,-0.04262524572252732
SIWKL,21,1e-06,1.0,sample02.functional,functional,-0.04264731890017679
SIWKL,21,1e-06,1.0,sample03.functional,functional,-0.04611853680323556
SIWKL,21,1e-06,1.0,sample04.functional,functional,-0.0383248880118634
SIWKL,21,1e-06,1.0,sample05.functional,functional,-0.04806291822101707
SIWKL,21,1e-06,1.0,sample06.pathological,pathological,0.14195904078886984
SIWKL,21,1e-06,1.0,sample07.pathological,pathological,0.1485762898433868
SIWKL,21,1e-06,1.0,sample08.pathological,pathological,0.14814174679164066
SIWKL,21,1e-06,1.0,sample09.pathological,pathological,0.15219740803929618
SIWKL,21,1e-06,1.0,sample10.pathological,pathological,0.14506045620656977
SIWKL,31,1.0,1.0,sample01.functional,functional,-0.0725884644672682
SIWKL,31,1.0,1.0,sample02.functional,functional,-0.06948954013523359
SIWKL,31,1.0,1.0,sample03.functional,functional,-0.06918712662142558
SIWKL,31,1.0,1.0,sample04.functional,functional,-0.0670708128242774
SIWKL,31,1.0,1.0,sample05.functional,functional,-0.0808044951353031
SIWKL,31,1.0,1.0,sample06.pathological,pathological,0.19233650267769903
SIWKL,31,1.0,1.0,sample07.pathological,pathological,0.19781087902871822
SIWKL,31,1.0,1.0,sample08.pathological,pathological,0.19781145231577874
SIWKL,31,1.0,1.0,sample09.pathological,pathological,0.2047839852906272
SIWKL,31,1.0,1.0,sample10.pathological,pathological,0.20208888862783955
SIWKL,31,0.1,1.0,sample01.functional,functional,-0.07016130210059922
SIWKL,31,0.1,1.0,sample02.functional,functional,-0.06741291614157664
SIWKL,31,0.1,1.0,sample03.functional,functional,-0.06801794105617245
SIWKL,31,0.1,1.0,sample04.functional,functional,-0.06538191740994946
SIWKL,31,0.1,1.0,sample05.functional,functional,-0.07873414590703785
SIWKL,31,0.1,1.0,sample06.pathological,pathological,0.1898070653581194
SIWKL,31,0.1,1.0,sample07.pathological,pathological,0.19525068589646302
SIWKL,31,0.1,1.0,sample08.pathological,pathological,0.19517064602391282
SIWKL,31,0.1,1.0,sample09.pathological,pathological,0.20199438668858916
SIWKL,31,0.1,1.0,sample10.pathological,pathological,0.1992920597954837
SIWKL,31,0.01,1.0,sample01.functional,functional,-0.0693328692752819
SIWKL,31,0.01,1.0,sample02.functional,functional,-0.06669558499262805
SIWKL,31,0.01,1.0,sample03.functional,functional,-0.06762481695541973
SIWKL,31,0.01,1.0,sample04.functional,functional,-0.06477927295079677
SIWKL,31,0.01,1.0,sample05.functional,functional,-0.07801065620861819
SIWKL,31,0.01,1.0,sample06.pathological,pathological,0.18891765859953577
SIWKL,31,0.01,1.0,sample07.pathological,pathological,0.1943502892748019
SIWKL,31,0.01,1.0,sample08.pathological,pathological,0.19424190888616102
SIWKL,31,0.01,1.0,sample09.pathological,pathological,0.201006799947644
SIWKL,31,0.01,1.0,sample10.pathological,pathological,0.1982981009180823
SIWKL,31,0.001,1.0,sample01.functional,functional,-0.06900278073227625
SIWKL,31,0.001,1.0,sample02.functional,functional,-0.06640916476291038
SIWKL,31,0.001,1.0,sample03.functional,functional,-0.06746839791633001
SIWKL,31,0.001,1.0,sample04.functional,functional,-0.0645372940806524
SIWKL,31,0.001,1.0,sample05.functional,functional,-0.0777214186334933
SIWKL,31,0.001,1.0,sample06.pathological,pathological,0.18856152966145323
SIWKL,31,0.001,1.0,sample07.pathological,pathological,0.1939899079576884
SIWKL,31,0.001,1.0,sample08.pathological,pathological,0.19387022673652854
SIWKL,31,0.001,1.0,sample09.pathological,pathological,0.2006112694435197
SIWKL,31,0.001,1.0,sample10.pathological,pathological,0.1978993417772348
SIWKL,31,0.0001,1.0,sample01.functional,functional,-0.06883411690585774
SIWKL,31,0.0001,1.0,sample02.functional,functional,-0.06626276659065435
SIWKL,31,0.0001,1.0,sample03.functional,functional,-0.0673884506785834
SIWKL,31,0.0001,1.0,sample04.functional,functional,-0.0644134937837449
SIWKL,31,0.0001,1.0,sample05.functional,functional,-0.0775735696448938
SIWKL,31,0.0001,1.0,sample06.pathological,pathological,0.1883794599376678
SIWKL,31,0.0001,1.0,sample07.pathological,pathological,0.19380569149855575
SIWKL,31,0.0001,1.0,sample08.pathological,pathological,0.19368023887571448
SIWKL,31,0.0001,1.0,sample09.pathological,pathological,0.20040908235125157
SIWKL,31,0.0001,1.0,sample10.pathological,pathological,0.19769539128350785
SIWKL,31,1e-06,1.0,sample01.functional,functional,-0.0686648877100901
SIWKL,31,1e-06,1.0,sample02.functional,functional,-0.06611585882481959
SIWKL,31,1e-06,1.0,sample03.functional,functional,-0.0673082055053105
SIWKL,31,1e-06,1.0,sample04.functional,functional,-0.0642892398865674
SIWKL,31,1e-06,1.0,sample05.functional,functional,-0.07742521047333815
SIWKL,31,1e-06,1.0,sample06.pathological,pathological,0.1881967918482195
SIWKL,31,1e-06,1.0,sample07.pathological,pathological,0.19362087620949858
SIWKL,31,1e-06,1.0,sample08.pathological,pathological,0.19348963237139266
SIWKL,31,1e-06,1.0,sample09.pathological,pathological,0.20020623446614286
SIWKL,31,1e-06,1.0,sample10.pathological,pathological,0.19749072632269032
SIWKL,41,1.0,1.0,sample01.functional,functional,-0.08445773561441074
SIWKL,41,1.0,1.0,sample02.functional,functional,-0.07914553004318665
SIWKL,41,1.0,1.0,sample03.functional,functional,-0.07769547495222867
SIWKL,41,1.0,1.0,sample04.functional,functional,-0.07642193611837578
SIWKL,41,1.0,1.0,sample05.functional,functional,-0.0915183650699939
SIWKL,41,1.0,1.0,sample06.pathological,pathological,0.21493607560960923
SIWKL,41,1.0,1.0,sample07.pathological,pathological,0.21876016796696776
SIWKL,41,1.0,1.0,sample08.pathological,pathological,0.21987567744492445
SIWKL,41,1.0,1.0,sample09.pathological,pathological,0.2290621736419431
SIWKL,41,1.0,1.0,sample10.pathological,pathological,0.22759332922814052
SIWKL,41,0.1,1.0,sample01.functional,functional,-0.08356991625301328
SIWKL,41,0.1,1.0,sample02.functional,functional,-0.07833295625005815
SIWKL,41,0.1,1.0,sample03.functional,functional,-0.0773787470625155
SIWKL,41,0.1,1.0,sample04.functional,functional,-0.07598697741077508
SIWKL,41,0.1,1.0,sample05.functional,functional,-0.0906996931574149
SIWKL,41,0.1,1.0,sample06.pathological,pathological,0.21428306486206028
SIWKL,41,0.1,1.0,sample07.pathological,pathological,0.21809518084701873
SIWKL,41,0.1,1.0,sample08.pathological,pathological,0.21919219813673976
SIWKL,41,0.1,1.0,sample09.pathological,pathological,0.2283996578623307
SIWKL,41,0.1,1.0,sample10.pathological,pathological,0.2269473822096938
SIWKL,41,0.01,1.0,sample01.functional,functional,-0.08324649812500444
SIWKL,41,0.01,1.0,sample02.functional,functional,-0.07803904632399539
SIWKL,41,0.01,1.0,sample03.functional,functional,-0.07726185164509808
SIWKL,41,0.01,1.0,sample04.functional,functional,-0.07582766229786911
SIWKL,41,0.01,1.0,sample05.functional,functional,-0.09040200998834891
SIWKL,41,0.01,1.0,sample06.pathological,pathological,0.21404493049799406
SIWKL,41,0.01,1.0,sample07.pathological,pathological,0.21785316634816854
SIWKL,41,0.01,1.0,sample08.pathological,pathological,0.2189436093270626
SIWKL,41,0.01,1.0,sample09.pathological,pathological,0.2281592323298548
SIWKL,41,0.01,1.0,sample10.pathological,pathological,0.22671210774669986
SIWKL,41,0.001,1.0,sample01.functional,functional,-0.08311630120802349
SIWKL,41,0.001,1.0,sample02.functional,functional,-0.07792102507754578
SIWKL,41,0.001,1.0,sample03.functional,functional,-0.0772145733226873
SIWKL,41,0.001,1.0,sample04.functional,functional,-0.07576339736998125
SIWKL,41,0.001,1.0,sample05.functional,functional,-0.09028246114793202
SIWKL,41,0.001,1.0,sample06.pathological,pathological,0.21394895130566682
SIWKL,41,0.001,1.0,sample07.pathological,pathological,0.2177558151130152
SIWKL,41,0.001,1.0,sample08.pathological,pathological,0.21884367604889207
SIWKL,41,0.001,1.0,sample09.pathological,pathological,0.22806279011122554
SIWKL,41,0.001,1.0,sample10.pathological,pathological,0.226617392816145
SIWKL,41,0.0001,1.0,sample01.functional,functional,-0.0830497093734159
SIWKL,41,0.0001,1.0,sample02.functional,functional,-0.07786069644070502
SIWKL,41,0.0001,1.0,sample03.functional,functional,-0.07719036216279869
SIWKL,41,0.0001,1.0,sample04.functional,functional,-0.07573050698235041
SIWKL,41,0.0001,1.0,sample05.functional,functional,-0.09022136018611929
SIWKL,41,0.0001,1.0,sample06.pathological,pathological,0.21389984318182298
SIWKL,41,0.0001,1.0,sample07.pathological,pathological,0.2177060349255723
SIWKL,41,0.0001,1.0,sample08.pathological,pathological,0.2187925852453114
SIWKL,41,0.0001,1.0,sample09.pathological,pathological,0.22801351700321715
SIWKL,41,0.0001,1.0,sample10.pathological,pathological,0.2265689490091155
SIWKL,41,1e-06,1.0,sample01.functional,functional,-0.08298291550147673
SIWKL,41,1e-06,1.0,sample02.functional,functional,-0.07780019055474716
SIWKL,41,1e-06,1.0,sample03.functional,functional,-0.07716606794421753
SIWKL,41,1e-06,1.0,sample04.functional,functional,-0.07569750852496686
SIWKL,41,1e-06,1.0,sample05.functional,functional,-0.09016008275427603
SIWKL,41,1e-06,1.0,sample06.pathological,pathological,0.21385058284478073
SIWKL,41,1e-06,1.0,sample07.pathological,pathological,0.21765610696191012
SIWKL,41,1e-06,1.0,sample08.pathological,pathological,0.218741344790228
SIWKL,41,1e-06,1.0,sample09.pathological,pathological,0.22796410692643396
SIWKL,41,1e-06,1.0,sample10.pathological,pathological,0.22652035888344377
SIWKL,51,1.0,1.0,sample01.functional,functional,-0.09152504682533463
SIWKL,51,1.0,1.0,sample02.functional,functional,-0.08572696068020434
SIWKL,51,1.0,1.0,sample03.functional,functional,-0.08269143462652281
SIWKL,51,1.0,1.0,sample04.functional,functional,-0.0821150784739905
SIWKL,51,1.0,1.0,sample05.functional,functional,-0.09874018393262816
SIWKL,51,1.0,1.0,sample06.pathological,pathological,0.23086378324475046
SIWKL,51,1.0,1.0,sample07.pathological,pathological,0.2341877983827132
SIWKL,51,1.0,1.0,sample08.pathological,pathological,0.23670830754751418
SIWKL,51,1.0,1.0,sample09.pathological,pathological,0.24452263846808692
SIWKL,51,1.0,1.0,sample10.pathological,pathological,0.24365933785931154
SIWKL,51,0.1,1.0,sample01.functional,functional,-0.09129553893332547
SIWKL,51,0.1,1.0,sample02.functional,functional,-0.085492326240979
SIWKL,51,0.1,1.0,sample03.functional,functional,-0.0825548193234999
SIWKL,51,0.1,1.0,sample04.functional,functional,-0.08209553230028686
SIWKL,51,0.1,1.0,sample05.functional,functional,-0.09851704214813443
SIWKL,51,0.1,1.0,sample06.pathological,pathological,0.23069761522463922
SIWKL,51,0.1,1.0,sample07.pathological,pathological,0.2340153691729522
SIWKL,51,0.1,1.0,sample08.pathological,pathological,0.23653124284400043
SIWKL,51,0.1,1.0,sample09.pathological,pathological,0.24434888444482802
SIWKL,51,0.1,1.0,sample10.pathological,pathological,0.24349402322932107
SIWKL,51,0.01,1.0,sample01.functional,functional,-0.09120772930535027
SIWKL,51,0.01,1.0,sample02.functional,functional,-0.08540319451794114
SIWKL,51,0.01,1.0,sample03.functional,functional,-0.08250191796090349
SIWKL,51,0.01,1.0,sample04.functional,functional,-0.08208804822082391
SIWKL,51,0.01,1.0,sample05.functional,functional,-0.09843261300037
SIWKL,51,0.01,1.0,sample06.pathological,pathological,0.23063371585190864
SIWKL,51,0.01,1.0,sample07.pathological,pathological,0.23394960685589308
SIWKL,51,0.01,1.0,sample08.pathological,pathological,0.2364638906631062
SIWKL,51,0.01,1.0,sample09.pathological,pathological,0.24428337235365077
SIWKL,51,0.01,1.0,sample10.pathological,pathological,0.24343076434224403
SIWKL,51,0.001,1.0,sample01.functional,functional,-0.09117200703913889
SIWKL,51,0.001,1.0,sample02.functional,functional,-0.08536715282451798
SIWKL,51,0.001,1.0,sample03.functional,functional,-0.08248029647817058
SIWKL,51,0.001,1.0,sample04.functional,functional,-0.08208489290032513
SIWKL,51,0.001,1.0,sample05.functional,functional,-0.0983985846981273
SIWKL,51,0.001,1.0,sample06.pathological,pathological,0.23060759815254336
SIWKL,51,0.001,1.0,sample07.pathological,pathological,0.2339229243922092
SIWKL,51,0.001,1.0,sample08.pathological,pathological,0.23643662756842762
SIWKL,51,0.001,1.0,sample09.pathological,pathological,0.24425706579545475
SIWKL,51,0.001,1.0,sample10.pathological,pathological,0.2434050214350685
SIWKL,51,0.0001,1.0,sample01.functional,functional,-0.09115370150378681
SIWKL,51,0.0001,1.0,sample02.functional,functional,-0.08534871706685945
SIWKL,51,0.0001,1.0,sample03.functional,functional,-0.08246920354879818
SIWKL,51,0.0001,1.0,sample04.functional,functional,-0.08208325661517296
SIWKL,51,0.0001,1.0,sample05.functional,functional,-0.09838119593359454
SIWKL,51,0.0001,1.0,sample06.pathological,pathological,0.23059419528393246
SIWKL,51,0.0001,1.0,sample07.pathological,pathological,0.233909262058336
SIWKL,51,0.0001,1.0,sample08.pathological,pathological,0.23642267793366217
SIWKL,51,0.0001,1.0,sample09.pathological,pathological,0.2442436385924293
SIWKL,51,0.0001,1.0,sample10.pathological,pathological,0.24339182835254491
SIWKL,51,1e-06,1.0,sample01.functional,functional,-0.09113533571209992
SIWKL,51,1e-06,1.0,sample02.functional,functional,-0.08533022795331005
SIWKL,51,1e-06,1.0,sample03.functional,functional,-0.08245807110002365
SIWKL,51,1e-06,1.0,sample04.functional,functional,-0.08208161043860654
SIWKL,51,1e-06,1.0,sample05.functional,functional,-0.09836376055578477
SIWKL,51,1e-06,1.0,sample06.pathological,pathological,0.23058074413292337
SIWKL,51,1e-06,1.0,sample07.pathological,pathological,0.23389555716861074
SIWKL,51,1e-06,1.0,sample08.pathological,pathological,0.2364086870410265
SIWKL,51,1e-06,1.0,sample09.pathological,pathological,0.2442301789576515
SIWKL,51,1e-06,1.0,sample10.pathological,pathological,0.2433785915781045
