method,k,alpha,beta,uncapped,sample,class,sample_silhouette_score,status
SIWKL_inverse_sqrt_G_beta_true_uncapped,15,0.001,0.001,True,sample01.functional.fa,functional,-0.00148343,possibly_misplaced
SIWKL_inverse_sqrt_G_beta_true_uncapped,15,0.001,0.001,True,sample02.functional.fa,functional,-0.00401839,possibly_misplaced
SIWKL_inverse_sqrt_G_beta_true_uncapped,15,0.001,0.001,True,sample03.functional.fa,functional,-0.00313588,possibly_misplaced
SIWKL_inverse_sqrt_G_beta_true_uncapped,15,0.001,0.001,True,sample04.functional.fa,functional,0.00554709,weak_ambiguous
SIWKL_inverse_sqrt_G_beta_true_uncapped,15,0.001,0.001,True,sample05.functional.fa,functional,0.00000440,weak_ambiguous
SIWKL_inverse_sqrt_G_beta_true_uncapped,15,0.001,0.001,True,sample06.pathological.fa,pathological,0.04989573,weak_ambiguous
SIWKL_inverse_sqrt_G_beta_true_uncapped,15,0.001,0.001,True,sample07.pathological.fa,pathological,0.05371371,weak_ambiguous
SIWKL_inverse_sqrt_G_beta_true_uncapped,15,0.001,0.001,True,sample08.pathological.fa,pathological,0.05435958,weak_ambiguous
SIWKL_inverse_sqrt_G_beta_true_uncapped,15,0.001,0.001,True,sample09.pathological.fa,pathological,0.05223794,weak_ambiguous
SIWKL_inverse_sqrt_G_beta_true_uncapped,15,0.001,0.001,True,sample10.pathological.fa,pathological,0.04654701,weak_ambiguous
SIWKL_inverse_sqrt_G_beta_true_uncapped,15,0.001,0.01,True,sample01.functional.fa,functional,-0.00145602,possibly_misplaced
SIWKL_inverse_sqrt_G_beta_true_uncapped,15,0.001,0.01,True,sample02.functional.fa,functional,-0.00398880,possibly_misplaced
SIWKL_inverse_sqrt_G_beta_true_uncapped,15,0.001,0.01,True,sample03.functional.fa,functional,-0.00311465,possibly_misplaced
SIWKL_inverse_sqrt_G_beta_true_uncapped,15,0.001,0.01,True,sample04.functional.fa,functional,0.00558179,weak_ambiguous
SIWKL_inverse_sqrt_G_beta_true_uncapped,15,0.001,0.01,True,sample05.functional.fa,functional,0.00002246,weak_ambiguous
SIWKL_inverse_sqrt_G_beta_true_uncapped,15,0.001,0.01,True,sample06.pathological.fa,pathological,0.05000828,weak_ambiguous
SIWKL_inverse_sqrt_G_beta_true_uncapped,15,0.001,0.01,True,sample07.pathological.fa,pathological,0.05383741,weak_ambiguous
SIWKL_inverse_sqrt_G_beta_true_uncapped,15,0.001,0.01,True,sample08.pathological.fa,pathological,0.05448148,weak_ambiguous
SIWKL_inverse_sqrt_G_beta_true_uncapped,15,0.001,0.01,True,sample09.pathological.fa,pathological,0.05236939,weak_ambiguous
SIWKL_inverse_sqrt_G_beta_true_uncapped,15,0.001,0.01,True,sample10.pathological.fa,pathological,0.04666126,weak_ambiguous
SIWKL_inverse_sqrt_G_beta_true_uncapped,15,0.001,0.1,True,sample01.functional.fa,functional,-0.00119776,possibly_misplaced
SIWKL_inverse_sqrt_G_beta_true_uncapped,15,0.001,0.1,True,sample02.functional.fa,functional,-0.00370944,possibly_misplaced
SIWKL_inverse_sqrt_G_beta_true_uncapped,15,0.001,0.1,True,sample03.functional.fa,functional,-0.00291533,possibly_misplaced
SIWKL_inverse_sqrt_G_beta_true_uncapped,15,0.001,0.1,True,sample04.functional.fa,functional,0.00591032,weak_ambiguous
SIWKL_inverse_sqrt_G_beta_true_uncapped,15,0.001,0.1,True,sample05.functional.fa,functional,0.00019275,weak_ambiguous
SIWKL_inverse_sqrt_G_beta_true_uncapped,15,0.001,0.1,True,sample06.pathological.fa,pathological,0.05108801,weak_ambiguous
SIWKL_inverse_sqrt_G_beta_true_uncapped,15,0.001,0.1,True,sample07.pathological.fa,pathological,0.05502329,weak_ambiguous
SIWKL_inverse_sqrt_G_beta_true_uncapped,15,0.001,0.1,True,sample08.pathological.fa,pathological,0.05565030,weak_ambiguous
SIWKL_inverse_sqrt_G_beta_true_uncapped,15,0.001,0.1,True,sample09.pathological.fa,pathological,0.05363019,weak_ambiguous
SIWKL_inverse_sqrt_G_beta_true_uncapped,15,0.001,0.1,True,sample10.pathological.fa,pathological,0.04775694,weak_ambiguous
SIWKL_inverse_sqrt_G_beta_true_uncapped,15,0.001,1.0,True,sample01.functional.fa,functional,0.00036663,weak_ambiguous
SIWKL_inverse_sqrt_G_beta_true_uncapped,15,0.001,1.0,True,sample02.functional.fa,functional,-0.00198370,possibly_misplaced
SIWKL_inverse_sqrt_G_beta_true_uncapped,15,0.001,1.0,True,sample03.functional.fa,functional,-0.00176274,possibly_misplaced
SIWKL_inverse_sqrt_G_beta_true_uncapped,15,0.001,1.0,True,sample04.functional.fa,functional,0.00799881,weak_ambiguous
SIWKL_inverse_sqrt_G_beta_true_uncapped,15,0.001,1.0,True,sample05.functional.fa,functional,0.00121655,weak_ambiguous
SIWKL_inverse_sqrt_G_beta_true_uncapped,15,0.001,1.0,True,sample06.pathological.fa,pathological,0.05886778,weak_ambiguous
SIWKL_inverse_sqrt_G_beta_true_uncapped,15,0.001,1.0,True,sample07.pathological.fa,pathological,0.06351758,weak_ambiguous
SIWKL_inverse_sqrt_G_beta_true_uncapped,15,0.001,1.0,True,sample08.pathological.fa,pathological,0.06403045,weak_ambiguous
SIWKL_inverse_sqrt_G_beta_true_uncapped,15,0.001,1.0,True,sample09.pathological.fa,pathological,0.06268967,weak_ambiguous
SIWKL_inverse_sqrt_G_beta_true_uncapped,15,0.001,1.0,True,sample10.pathological.fa,pathological,0.05563366,weak_ambiguous
SIWKL_inverse_sqrt_G_beta_true_uncapped,15,0.01,0.001,True,sample01.functional.fa,functional,-0.00199611,possibly_misplaced
SIWKL_inverse_sqrt_G_beta_true_uncapped,15,0.01,0.001,True,sample02.functional.fa,functional,-0.00458403,possibly_misplaced
SIWKL_inverse_sqrt_G_beta_true_uncapped,15,0.01,0.001,True,sample03.functional.fa,functional,-0.00370614,possibly_misplaced
SIWKL_inverse_sqrt_G_beta_true_uncapped,15,0.01,0.001,True,sample04.functional.fa,functional,0.00495286,weak_ambiguous
SIWKL_inverse_sqrt_G_beta_true_uncapped,15,0.01,0.001,True,sample05.functional.fa,functional,-0.00059660,possibly_misplaced
SIWKL_inverse_sqrt_G_beta_true_uncapped,15,0.01,0.001,True,sample06.pathological.fa,pathological,0.05046834,weak_ambiguous
SIWKL_inverse_sqrt_G_beta_true_uncapped,15,0.01,0.001,True,sample07.pathological.fa,pathological,0.05435509,weak_ambiguous
SIWKL_inverse_sqrt_G_beta_true_uncapped,15,0.01,0.001,True,sample08.pathological.fa,pathological,0.05495902,weak_ambiguous
SIWKL_inverse_sqrt_G_beta_true_uncapped,15,0.01,0.001,True,sample09.pathological.fa,pathological,0.05278372,weak_ambiguous
SIWKL_inverse_sqrt_G_beta_true_uncapped,15,0.01,0.001,True,sample10.pathological.fa,pathological,0.04721177,weak_ambiguous
SIWKL_inverse_sqrt_G_beta_true_uncapped,15,0.01,0.01,True,sample01.functional.fa,functional,-0.00197041,possibly_misplaced
SIWKL_inverse_sqrt_G_beta_true_uncapped,15,0.01,0.01,True,sample02.functional.fa,functional,-0.00455628,possibly_misplaced
SIWKL_inverse_sqrt_G_beta_true_uncapped,15,0.01,0.01,True,sample03.functional.fa,functional,-0.00368676,possibly_misplaced
SIWKL_inverse_sqrt_G_beta_true_uncapped,15,0.01,0.01,True,sample04.functional.fa,functional,0.00498566,weak_ambiguous
SIWKL_inverse_sqrt_G_beta_true_uncapped,15,0.01,0.01,True,sample05.functional.fa,functional,-0.00058045,possibly_misplaced
SIWKL_inverse_sqrt_G_beta_true_uncapped,15,0.01,0.01,True,sample06.pathological.fa,pathological,0.05058258,weak_ambiguous
SIWKL_inverse_sqrt_G_beta_true_uncapped,15,0.01,0.01,True,sample07.pathological.fa,pathological,0.05448070,weak_ambiguous
SIWKL_inverse_sqrt_G_beta_true_uncapped,15,0.01,0.01,True,sample08.pathological.fa,pathological,0.05508272,weak_ambiguous
SIWKL_inverse_sqrt_G_beta_true_uncapped,15,0.01,0.01,True,sample09.pathological.fa,pathological,0.05291678,weak_ambiguous
SIWKL_inverse_sqrt_G_beta_true_uncapped,15,0.01,0.01,True,sample10.pathological.fa,pathological,0.04732800,weak_ambiguous
SIWKL_inverse_sqrt_G_beta_true_uncapped,15,0.01,0.1,True,sample01.functional.fa,functional,-0.00172870,possibly_misplaced
SIWKL_inverse_sqrt_G_beta_true_uncapped,15,0.01,0.1,True,sample02.functional.fa,functional,-0.00429461,possibly_misplaced
SIWKL_inverse_sqrt_G_beta_true_uncapped,15,0.01,0.1,True,sample03.functional.fa,functional,-0.00350532,possibly_misplaced
SIWKL_inverse_sqrt_G_beta_true_uncapped,15,0.01,0.1,True,sample04.functional.fa,functional,0.00529595,weak_ambiguous
SIWKL_inverse_sqrt_G_beta_true_uncapped,15,0.01,0.1,True,sample05.functional.fa,functional,-0.00042858,possibly_misplaced
SIWKL_inverse_sqrt_G_beta_true_uncapped,15,0.01,0.1,True,sample06.pathological.fa,pathological,0.05167865,weak_ambiguous
SIWKL_inverse_sqrt_G_beta_true_uncapped,15,0.01,0.1,True,sample07.pathological.fa,pathological,0.05568497,weak_ambiguous
SIWKL_inverse_sqrt_G_beta_true_uncapped,15,0.01,0.1,True,sample08.pathological.fa,pathological,0.05626884,weak_ambiguous
SIWKL_inverse_sqrt_G_beta_true_uncapped,15,0.01,0.1,True,sample09.pathological.fa,pathological,0.05419300,weak_ambiguous
SIWKL_inverse_sqrt_G_beta_true_uncapped,15,0.01,0.1,True,sample10.pathological.fa,pathological,0.04844270,weak_ambiguous
SIWKL_inverse_sqrt_G_beta_true_uncapped,15,0.01,1.0,True,sample01.functional.fa,functional,-0.00028798,possibly_misplaced
SIWKL_inverse_sqrt_G_beta_true_uncapped,15,0.01,1.0,True,sample02.functional.fa,functional,-0.00270056,possibly_misplaced
SIWKL_inverse_sqrt_G_beta_true_uncapped,15,0.01,1.0,True,sample03.functional.fa,functional,-0.00248590,possibly_misplaced
SIWKL_inverse_sqrt_G_beta_true_uncapped,15,0.01,1.0,True,sample04.functional.fa,functional,0.00724845,weak_ambiguous
SIWKL_inverse_sqrt_G_beta_true_uncapped,15,0.01,1.0,True,sample05.functional.fa,functional,0.00045917,weak_ambiguous
SIWKL_inverse_sqrt_G_beta_true_uncapped,15,0.01,1.0,True,sample06.pathological.fa,pathological,0.05957844,weak_ambiguous
SIWKL_inverse_sqrt_G_beta_true_uncapped,15,0.01,1.0,True,sample07.pathological.fa,pathological,0.06431466,weak_ambiguous
SIWKL_inverse_sqrt_G_beta_true_uncapped,15,0.01,1.0,True,sample08.pathological.fa,pathological,0.06477646,weak_ambiguous
SIWKL_inverse_sqrt_G_beta_true_uncapped,15,0.01,1.0,True,sample09.pathological.fa,pathological,0.06336567,weak_ambiguous
SIWKL_inverse_sqrt_G_beta_true_uncapped,15,0.01,1.0,True,sample10.pathological.fa,pathological,0.05645930,weak_ambiguous
SIWKL_inverse_sqrt_G_beta_true_uncapped,15,0.1,0.001,True,sample01.functional.fa,functional,-0.00327902,possibly_misplaced
SIWKL_inverse_sqrt_G_beta_true_uncapped,15,0.1,0.001,True,sample02.functional.fa,functional,-0.00600064,possibly_misplaced
SIWKL_inverse_sqrt_G_beta_true_uncapped,15,0.1,0.001,True,sample03.functional.fa,functional,-0.00513305,possibly_misplaced
SIWKL_inverse_sqrt_G_beta_true_uncapped,15,0.1,0.001,True,sample04.functional.fa,functional,0.00345866,weak_ambiguous
SIWKL_inverse_sqrt_G_beta_true_uncapped,15,0.1,0.001,True,sample05.functional.fa,functional,-0.00210786,possibly_misplaced
SIWKL_inverse_sqrt_G_beta_true_uncapped,15,0.1,0.001,True,sample06.pathological.fa,pathological,0.05190893,weak_ambiguous
SIWKL_inverse_sqrt_G_beta_true_uncapped,15,0.1,0.001,True,sample07.pathological.fa,pathological,0.05596542,weak_ambiguous
SIWKL_inverse_sqrt_G_beta_true_uncapped,15,0.1,0.001,True,sample08.pathological.fa,pathological,0.05646398,weak_ambiguous
SIWKL_inverse_sqrt_G_beta_true_uncapped,15,0.1,0.001,True,sample09.pathological.fa,pathological,0.05415845,weak_ambiguous
SIWKL_inverse_sqrt_G_beta_true_uncapped,15,0.1,0.001,True,sample10.pathological.fa,pathological,0.04888210,weak_ambiguous
SIWKL_inverse_sqrt_G_beta_true_uncapped,15,0.1,0.01,True,sample01.functional.fa,functional,-0.00325761,possibly_misplaced
SIWKL_inverse_sqrt_G_beta_true_uncapped,15,0.1,0.01,True,sample02.functional.fa,functional,-0.00597747,possibly_misplaced
SIWKL_inverse_sqrt_G_beta_true_uncapped,15,0.1,0.01,True,sample03.functional.fa,functional,-0.00511830,possibly_misplaced
SIWKL_inverse_sqrt_G_beta_true_uncapped,15,0.1,0.01,True,sample04.functional.fa,functional,0.00348670,weak_ambiguous
SIWKL_inverse_sqrt_G_beta_true_uncapped,15,0.1,0.01,True,sample05.functional.fa,functional,-0.00209652,possibly_misplaced
SIWKL_inverse_sqrt_G_beta_true_uncapped,15,0.1,0.01,True,sample06.pathological.fa,pathological,0.05202745,weak_ambiguous
SIWKL_inverse_sqrt_G_beta_true_uncapped,15,0.1,0.01,True,sample07.pathological.fa,pathological,0.05609582,weak_ambiguous
SIWKL_inverse_sqrt_G_beta_true_uncapped,15,0.1,0.01,True,sample08.pathological.fa,pathological,0.05659219,weak_ambiguous
SIWKL_inverse_sqrt_G_beta_true_uncapped,15,0.1,0.01,True,sample09.pathological.fa,pathological,0.05429554,weak_ambiguous
SIWKL_inverse_sqrt_G_beta_true_uncapped,15,0.1,0.01,True,sample10.pathological.fa,pathological,0.04900328,weak_ambiguous
SIWKL_inverse_sqrt_G_beta_true_uncapped,15,0.1,0.1,True,sample01.functional.fa,functional,-0.00305710,possibly_misplaced
SIWKL_inverse_sqrt_G_beta_true_uncapped,15,0.1,0.1,True,sample02.functional.fa,functional,-0.00575991,possibly_misplaced
SIWKL_inverse_sqrt_G_beta_true_uncapped,15,0.1,0.1,True,sample03.functional.fa,functional,-0.00498144,possibly_misplaced
SIWKL_inverse_sqrt_G_beta_true_uncapped,15,0.1,0.1,True,sample04.functional.fa,functional,0.00375116,weak_ambiguous
SIWKL_inverse_sqrt_G_beta_true_uncapped,15,0.1,0.1,True,sample05.functional.fa,functional,-0.00199087,possibly_misplaced
SIWKL_inverse_sqrt_G_beta_true_uncapped,15,0.1,0.1,True,sample06.pathological.fa,pathological,0.05316455,weak_ambiguous
SIWKL_inverse_sqrt_G_beta_true_uncapped,15,0.1,0.1,True,sample07.pathological.fa,pathological,0.05734615,weak_ambiguous
SIWKL_inverse_sqrt_G_beta_true_uncapped,15,0.1,0.1,True,sample08.pathological.fa,pathological,0.05782164,weak_ambiguous
SIWKL_inverse_sqrt_G_beta_true_uncapped,15,0.1,0.1,True,sample09.pathological.fa,pathological,0.05561053,weak_ambiguous
SIWKL_inverse_sqrt_G_beta_true_uncapped,15,0.1,0.1,True,sample10.pathological.fa,pathological,0.05016565,weak_ambiguous
SIWKL_inverse_sqrt_G_beta_true_uncapped,15,0.1,1.0,True,sample01.functional.fa,functional,-0.00192443,possibly_misplaced
SIWKL_inverse_sqrt_G_beta_true_uncapped,15,0.1,1.0,True,sample02.functional.fa,functional,-0.00449396,possibly_misplaced
SIWKL_inverse_sqrt_G_beta_true_uncapped,15,0.1,1.0,True,sample03.functional.fa,functional,-0.00429358,possibly_misplaced
SIWKL_inverse_sqrt_G_beta_true_uncapped,15,0.1,1.0,True,sample04.functional.fa,functional,0.00536220,weak_ambiguous
SIWKL_inverse_sqrt_G_beta_true_uncapped,15,0.1,1.0,True,sample05.functional.fa,functional,-0.00144669,possibly_misplaced
SIWKL_inverse_sqrt_G_beta_true_uncapped,15,0.1,1.0,True,sample06.pathological.fa,pathological,0.06136581,weak_ambiguous
SIWKL_inverse_sqrt_G_beta_true_uncapped,15,0.1,1.0,True,sample07.pathological.fa,pathological,0.06631477,weak_ambiguous
SIWKL_inverse_sqrt_G_beta_true_uncapped,15,0.1,1.0,True,sample08.pathological.fa,pathological,0.06664854,weak_ambiguous
SIWKL_inverse_sqrt_G_beta_true_uncapped,15,0.1,1.0,True,sample09.pathological.fa,pathological,0.06506777,weak_ambiguous
SIWKL_inverse_sqrt_G_beta_true_uncapped,15,0.1,1.0,True,sample10.pathological.fa,pathological,0.05853275,weak_ambiguous
SIWKL_inverse_sqrt_G_beta_true_uncapped,15,1.0,0.001,True,sample01.functional.fa,functional,-0.00701087,possibly_misplaced
SIWKL_inverse_sqrt_G_beta_true_uncapped,15,1.0,0.001,True,sample02.functional.fa,functional,-0.01011654,possibly_misplaced
SIWKL_inverse_sqrt_G_beta_true_uncapped,15,1.0,0.001,True,sample03.functional.fa,functional,-0.00926109,possibly_misplaced
SIWKL_inverse_sqrt_G_beta_true_uncapped,15,1.0,0.001,True,sample04.functional.fa,functional,-0.00095240,possibly_misplaced
SIWKL_inverse_sqrt_G_beta_true_uncapped,15,1.0,0.001,True,sample05.functional.fa,functional,-0.00658949,possibly_misplaced
SIWKL_inverse_sqrt_G_beta_true_uncapped,15,1.0,0.001,True,sample06.pathological.fa,pathological,0.05619663,weak_ambiguous
SIWKL_inverse_sqrt_G_beta_true_uncapped,15,1.0,0.001,True,sample07.pathological.fa,pathological,0.06069446,weak_ambiguous
SIWKL_inverse_sqrt_G_beta_true_uncapped,15,1.0,0.001,True,sample08.pathological.fa,pathological,0.06087709,weak_ambiguous
SIWKL_inverse_sqrt_G_beta_true_uncapped,15,1.0,0.001,True,sample09.pathological.fa,pathological,0.05825830,weak_ambiguous
SIWKL_inverse_sqrt_G_beta_true_uncapped,15,1.0,0.001,True,sample10.pathological.fa,pathological,0.05381519,weak_ambiguous
SIWKL_inverse_sqrt_G_beta_true_uncapped,15,1.0,0.01,True,sample01.functional.fa,functional,-0.00700176,possibly_misplaced
SIWKL_inverse_sqrt_G_beta_true_uncapped,15,1.0,0.01,True,sample02.functional.fa,functional,-0.01010658,possibly_misplaced
SIWKL_inverse_sqrt_G_beta_true_uncapped,15,1.0,0.01,True,sample03.functional.fa,functional,-0.00925963,possibly_misplaced
SIWKL_inverse_sqrt_G_beta_true_uncapped,15,1.0,0.01,True,sample04.functional.fa,functional,-0.00093844,possibly_misplaced
SIWKL_inverse_sqrt_G_beta_true_uncapped,15,1.0,0.01,True,sample05.functional.fa,functional,-0.00659232,possibly_misplaced
SIWKL_inverse_sqrt_G_beta_true_uncapped,15,1.0,0.01,True,sample06.pathological.fa,pathological,0.05632786,weak_ambiguous
SIWKL_inverse_sqrt_G_beta_true_uncapped,15,1.0,0.01,True,sample07.pathological.fa,pathological,0.06083889,weak_ambiguous
SIWKL_inverse_sqrt_G_beta_true_uncapped,15,1.0,0.01,True,sample08.pathological.fa,pathological,0.06101850,weak_ambiguous
SIWKL_inverse_sqrt_G_beta_true_uncapped,15,1.0,0.01,True,sample09.pathological.fa,pathological,0.05840744,weak_ambiguous
SIWKL_inverse_sqrt_G_beta_true_uncapped,15,1.0,0.01,True,sample10.pathological.fa,pathological,0.05395098,weak_ambiguous
SIWKL_inverse_sqrt_G_beta_true_uncapped,15,1.0,0.1,True,sample01.functional.fa,functional,-0.00691984,possibly_misplaced
SIWKL_inverse_sqrt_G_beta_true_uncapped,15,1.0,0.1,True,sample02.functional.fa,functional,-0.01001621,possibly_misplaced
SIWKL_inverse_sqrt_G_beta_true_uncapped,15,1.0,0.1,True,sample03.functional.fa,functional,-0.00925075,possibly_misplaced
SIWKL_inverse_sqrt_G_beta_true_uncapped,15,1.0,0.1,True,sample04.functional.fa,functional,-0.00080953,possibly_misplaced
SIWKL_inverse_sqrt_G_beta_true_uncapped,15,1.0,0.1,True,sample05.functional.fa,functional,-0.00662313,possibly_misplaced
SIWKL_inverse_sqrt_G_beta_true_uncapped,15,1.0,0.1,True,sample06.pathological.fa,pathological,0.05758714,weak_ambiguous
SIWKL_inverse_sqrt_G_beta_true_uncapped,15,1.0,0.1,True,sample07.pathological.fa,pathological,0.06222408,weak_ambiguous
SIWKL_inverse_sqrt_G_beta_true_uncapped,15,1.0,0.1,True,sample08.pathological.fa,pathological,0.06237484,weak_ambiguous
SIWKL_inverse_sqrt_G_beta_true_uncapped,15,1.0,0.1,True,sample09.pathological.fa,pathological,0.05983817,weak_ambiguous
SIWKL_inverse_sqrt_G_beta_true_uncapped,15,1.0,0.1,True,sample10.pathological.fa,pathological,0.05525369,weak_ambiguous
SIWKL_inverse_sqrt_G_beta_true_uncapped,15,1.0,1.0,True,sample01.functional.fa,functional,-0.00667289,possibly_misplaced
SIWKL_inverse_sqrt_G_beta_true_uncapped,15,1.0,1.0,True,sample02.functional.fa,functional,-0.00969590,possibly_misplaced
SIWKL_inverse_sqrt_G_beta_true_uncapped,15,1.0,1.0,True,sample03.functional.fa,functional,-0.00951427,possibly_misplaced
SIWKL_inverse_sqrt_G_beta_true_uncapped,15,1.0,1.0,True,sample04.functional.fa,functional,-0.00020938,possibly_misplaced
SIWKL_inverse_sqrt_G_beta_true_uncapped,15,1.0,1.0,True,sample05.functional.fa,functional,-0.00709456,possibly_misplaced
SIWKL_inverse_sqrt_G_beta_true_uncapped,15,1.0,1.0,True,sample06.pathological.fa,pathological,0.06668813,weak_ambiguous
SIWKL_inverse_sqrt_G_beta_true_uncapped,15,1.0,1.0,True,sample07.pathological.fa,pathological,0.07218610,weak_ambiguous
SIWKL_inverse_sqrt_G_beta_true_uncapped,15,1.0,1.0,True,sample08.pathological.fa,pathological,0.07213810,weak_ambiguous
SIWKL_inverse_sqrt_G_beta_true_uncapped,15,1.0,1.0,True,sample09.pathological.fa,pathological,0.07014722,weak_ambiguous
SIWKL_inverse_sqrt_G_beta_true_uncapped,15,1.0,1.0,True,sample10.pathological.fa,pathological,0.06465429,weak_ambiguous
SIWKL_inverse_sqrt_G_beta_true_uncapped,21,0.001,0.001,True,sample01.functional.fa,functional,-0.03834006,possibly_misplaced
SIWKL_inverse_sqrt_G_beta_true_uncapped,21,0.001,0.001,True,sample02.functional.fa,functional,-0.03812203,possibly_misplaced
SIWKL_inverse_sqrt_G_beta_true_uncapped,21,0.001,0.001,True,sample03.functional.fa,functional,-0.04155446,possibly_misplaced
SIWKL_inverse_sqrt_G_beta_true_uncapped,21,0.001,0.001,True,sample04.functional.fa,functional,-0.03600979,possibly_misplaced
SIWKL_inverse_sqrt_G_beta_true_uncapped,21,0.001,0.001,True,sample05.functional.fa,functional,-0.04223157,possibly_misplaced
SIWKL_inverse_sqrt_G_beta_true_uncapped,21,0.001,0.001,True,sample06.pathological.fa,pathological,0.09805471,weak_ambiguous
SIWKL_inverse_sqrt_G_beta_true_uncapped,21,0.001,0.001,True,sample07.pathological.fa,pathological,0.10260886,clear
SIWKL_inverse_sqrt_G_beta_true_uncapped,21,0.001,0.001,True,sample08.pathological.fa,pathological,0.10071601,clear
SIWKL_inverse_sqrt_G_beta_true_uncapped,21,0.001,0.001,True,sample09.pathological.fa,pathological,0.10214258,clear
SIWKL_inverse_sqrt_G_beta_true_uncapped,21,0.001,0.001,True,sample10.pathological.fa,pathological,0.09926592,weak_ambiguous
SIWKL_inverse_sqrt_G_beta_true_uncapped,21,0.001,0.01,True,sample01.functional.fa,functional,-0.03832559,possibly_misplaced
SIWKL_inverse_sqrt_G_beta_true_uncapped,21,0.001,0.01,True,sample02.functional.fa,functional,-0.03810901,possibly_misplaced
SIWKL_inverse_sqrt_G_beta_true_uncapped,21,0.001,0.01,True,sample03.functional.fa,functional,-0.04154065,possibly_misplaced
SIWKL_inverse_sqrt_G_beta_true_uncapped,21,0.001,0.01,True,sample04.functional.fa,functional,-0.03598919,possibly_misplaced
SIWKL_inverse_sqrt_G_beta_true_uncapped,21,0.001,0.01,True,sample05.functional.fa,functional,-0.04222874,possibly_misplaced
SIWKL_inverse_sqrt_G_beta_true_uncapped,21,0.001,0.01,True,sample06.pathological.fa,pathological,0.09819761,weak_ambiguous
SIWKL_inverse_sqrt_G_beta_true_uncapped,21,0.001,0.01,True,sample07.pathological.fa,pathological,0.10276399,clear
SIWKL_inverse_sqrt_G_beta_true_uncapped,21,0.001,0.01,True,sample08.pathological.fa,pathological,0.10087636,clear
SIWKL_inverse_sqrt_G_beta_true_uncapped,21,0.001,0.01,True,sample09.pathological.fa,pathological,0.10231068,clear
SIWKL_inverse_sqrt_G_beta_true_uncapped,21,0.001,0.01,True,sample10.pathological.fa,pathological,0.09941968,weak_ambiguous
SIWKL_inverse_sqrt_G_beta_true_uncapped,21,0.001,0.1,True,sample01.functional.fa,functional,-0.03819213,possibly_misplaced
SIWKL_inverse_sqrt_G_beta_true_uncapped,21,0.001,0.1,True,sample02.functional.fa,functional,-0.03798889,possibly_misplaced
SIWKL_inverse_sqrt_G_beta_true_uncapped,21,0.001,0.1,True,sample03.functional.fa,functional,-0.04141305,possibly_misplaced
SIWKL_inverse_sqrt_G_beta_true_uncapped,21,0.001,0.1,True,sample04.functional.fa,functional,-0.03579643,possibly_misplaced
SIWKL_inverse_sqrt_G_beta_true_uncapped,21,0.001,0.1,True,sample05.functional.fa,functional,-0.04220493,possibly_misplaced
SIWKL_inverse_sqrt_G_beta_true_uncapped,21,0.001,0.1,True,sample06.pathological.fa,pathological,0.09956781,weak_ambiguous
SIWKL_inverse_sqrt_G_beta_true_uncapped,21,0.001,0.1,True,sample07.pathological.fa,pathological,0.10425053,clear
SIWKL_inverse_sqrt_G_beta_true_uncapped,21,0.001,0.1,True,sample08.pathological.fa,pathological,0.10241280,clear
SIWKL_inverse_sqrt_G_beta_true_uncapped,21,0.001,0.1,True,sample09.pathological.fa,pathological,0.10392185,clear
SIWKL_inverse_sqrt_G_beta_true_uncapped,21,0.001,0.1,True,sample10.pathological.fa,pathological,0.10089307,clear
SIWKL_inverse_sqrt_G_beta_true_uncapped,21,0.001,1.0,True,sample01.functional.fa,functional,-0.03756194,possibly_misplaced
SIWKL_inverse_sqrt_G_beta_true_uncapped,21,0.001,1.0,True,sample02.functional.fa,functional,-0.03742788,possibly_misplaced
SIWKL_inverse_sqrt_G_beta_true_uncapped,21,0.001,1.0,True,sample03.functional.fa,functional,-0.04080345,possibly_misplaced
SIWKL_inverse_sqrt_G_beta_true_uncapped,21,0.001,1.0,True,sample04.functional.fa,functional,-0.03471779,possibly_misplaced
SIWKL_inverse_sqrt_G_beta_true_uncapped,21,0.001,1.0,True,sample05.functional.fa,functional,-0.04225938,possibly_misplaced
SIWKL_inverse_sqrt_G_beta_true_uncapped,21,0.001,1.0,True,sample06.pathological.fa,pathological,0.10940088,clear
SIWKL_inverse_sqrt_G_beta_true_uncapped,21,0.001,1.0,True,sample07.pathological.fa,pathological,0.11485824,clear
SIWKL_inverse_sqrt_G_beta_true_uncapped,21,0.001,1.0,True,sample08.pathological.fa,pathological,0.11337085,clear
SIWKL_inverse_sqrt_G_beta_true_uncapped,21,0.001,1.0,True,sample09.pathological.fa,pathological,0.11543735,clear
SIWKL_inverse_sqrt_G_beta_true_uncapped,21,0.001,1.0,True,sample10.pathological.fa,pathological,0.11141212,clear
SIWKL_inverse_sqrt_G_beta_true_uncapped,21,0.01,0.001,True,sample01.functional.fa,functional,-0.03856315,possibly_misplaced
SIWKL_inverse_sqrt_G_beta_true_uncapped,21,0.01,0.001,True,sample02.functional.fa,functional,-0.03843352,possibly_misplaced
SIWKL_inverse_sqrt_G_beta_true_uncapped,21,0.01,0.001,True,sample03.functional.fa,functional,-0.04181413,possibly_misplaced
SIWKL_inverse_sqrt_G_beta_true_uncapped,21,0.01,0.001,True,sample04.functional.fa,functional,-0.03630893,possibly_misplaced
SIWKL_inverse_sqrt_G_beta_true_uncapped,21,0.01,0.001,True,sample05.functional.fa,functional,-0.04257370,possibly_misplaced
SIWKL_inverse_sqrt_G_beta_true_uncapped,21,0.01,0.001,True,sample06.pathological.fa,pathological,0.09838075,weak_ambiguous
SIWKL_inverse_sqrt_G_beta_true_uncapped,21,0.01,0.001,True,sample07.pathological.fa,pathological,0.10296956,clear
SIWKL_inverse_sqrt_G_beta_true_uncapped,21,0.01,0.001,True,sample08.pathological.fa,pathological,0.10106490,clear
SIWKL_inverse_sqrt_G_beta_true_uncapped,21,0.01,0.001,True,sample09.pathological.fa,pathological,0.10245433,clear
SIWKL_inverse_sqrt_G_beta_true_uncapped,21,0.01,0.001,True,sample10.pathological.fa,pathological,0.09964700,weak_ambiguous
SIWKL_inverse_sqrt_G_beta_true_uncapped,21,0.01,0.01,True,sample01.functional.fa,functional,-0.03854943,possibly_misplaced
SIWKL_inverse_sqrt_G_beta_true_uncapped,21,0.01,0.01,True,sample02.functional.fa,functional,-0.03842140,possibly_misplaced
SIWKL_inverse_sqrt_G_beta_true_uncapped,21,0.01,0.01,True,sample03.functional.fa,functional,-0.04180106,possibly_misplaced
SIWKL_inverse_sqrt_G_beta_true_uncapped,21,0.01,0.01,True,sample04.functional.fa,functional,-0.03628920,possibly_misplaced
SIWKL_inverse_sqrt_G_beta_true_uncapped,21,0.01,0.01,True,sample05.functional.fa,functional,-0.04257185,possibly_misplaced
SIWKL_inverse_sqrt_G_beta_true_uncapped,21,0.01,0.01,True,sample06.pathological.fa,pathological,0.09852453,weak_ambiguous
SIWKL_inverse_sqrt_G_beta_true_uncapped,21,0.01,0.01,True,sample07.pathological.fa,pathological,0.10312567,clear
SIWKL_inverse_sqrt_G_beta_true_uncapped,21,0.01,0.01,True,sample08.pathological.fa,pathological,0.10122619,clear
SIWKL_inverse_sqrt_G_beta_true_uncapped,21,0.01,0.01,True,sample09.pathological.fa,pathological,0.10262325,clear
SIWKL_inverse_sqrt_G_beta_true_uncapped,21,0.01,0.01,True,sample10.pathological.fa,pathological,0.09980178,weak_ambiguous
SIWKL_inverse_sqrt_G_beta_true_uncapped,21,0.01,0.1,True,sample01.functional.fa,functional,-0.03842324,possibly_misplaced
SIWKL_inverse_sqrt_G_beta_true_uncapped,21,0.01,0.1,True,sample02.functional.fa,functional,-0.03830991,possibly_misplaced
SIWKL_inverse_sqrt_G_beta_true_uncapped,21,0.01,0.1,True,sample03.functional.fa,functional,-0.04168053,possibly_misplaced
SIWKL_inverse_sqrt_G_beta_true_uncapped,21,0.01,0.1,True,sample04.functional.fa,functional,-0.03610480,possibly_misplaced
SIWKL_inverse_sqrt_G_beta_true_uncapped,21,0.01,0.1,True,sample05.functional.fa,functional,-0.04255752,possibly_misplaced
SIWKL_inverse_sqrt_G_beta_true_uncapped,21,0.01,0.1,True,sample06.pathological.fa,pathological,0.09990316,weak_ambiguous
SIWKL_inverse_sqrt_G_beta_true_uncapped,21,0.01,0.1,True,sample07.pathological.fa,pathological,0.10462164,clear
SIWKL_inverse_sqrt_G_beta_true_uncapped,21,0.01,0.1,True,sample08.pathological.fa,pathological,0.10277168,clear
SIWKL_inverse_sqrt_G_beta_true_uncapped,21,0.01,0.1,True,sample09.pathological.fa,pathological,0.10424235,clear
SIWKL_inverse_sqrt_G_beta_true_uncapped,21,0.01,0.1,True,sample10.pathological.fa,pathological,0.10128500,clear
SIWKL_inverse_sqrt_G_beta_true_uncapped,21,0.01,1.0,True,sample01.functional.fa,functional,-0.03784743,possibly_misplaced
SIWKL_inverse_sqrt_G_beta_true_uncapped,21,0.01,1.0,True,sample02.functional.fa,functional,-0.03781109,possibly_misplaced
SIWKL_inverse_sqrt_G_beta_true_uncapped,21,0.01,1.0,True,sample03.functional.fa,functional,-0.04112165,possibly_misplaced
SIWKL_inverse_sqrt_G_beta_true_uncapped,21,0.01,1.0,True,sample04.functional.fa,functional,-0.03508676,possibly_misplaced
SIWKL_inverse_sqrt_G_beta_true_uncapped,21,0.01,1.0,True,sample05.functional.fa,functional,-0.04268061,possibly_misplaced
SIWKL_inverse_sqrt_G_beta_true_uncapped,21,0.01,1.0,True,sample06.pathological.fa,pathological,0.10979685,clear
SIWKL_inverse_sqrt_G_beta_true_uncapped,21,0.01,1.0,True,sample07.pathological.fa,pathological,0.11529733,clear
SIWKL_inverse_sqrt_G_beta_true_uncapped,21,0.01,1.0,True,sample08.pathological.fa,pathological,0.11379484,clear
SIWKL_inverse_sqrt_G_beta_true_uncapped,21,0.01,1.0,True,sample09.pathological.fa,pathological,0.11581472,clear
SIWKL_inverse_sqrt_G_beta_true_uncapped,21,0.01,1.0,True,sample10.pathological.fa,pathological,0.11187476,clear
SIWKL_inverse_sqrt_G_beta_true_uncapped,21,0.1,0.001,True,sample01.functional.fa,functional,-0.03912248,possibly_misplaced
SIWKL_inverse_sqrt_G_beta_true_uncapped,21,0.1,0.001,True,sample02.functional.fa,functional,-0.03920794,possibly_misplaced
SIWKL_inverse_sqrt_G_beta_true_uncapped,21,0.1,0.001,True,sample03.functional.fa,functional,-0.04245934,possibly_misplaced
SIWKL_inverse_sqrt_G_beta_true_uncapped,21,0.1,0.001,True,sample04.functional.fa,functional,-0.03705556,possibly_misplaced
SIWKL_inverse_sqrt_G_beta_true_uncapped,21,0.1,0.001,True,sample05.functional.fa,functional,-0.04342944,possibly_misplaced
SIWKL_inverse_sqrt_G_beta_true_uncapped,21,0.1,0.001,True,sample06.pathological.fa,pathological,0.09919870,weak_ambiguous
SIWKL_inverse_sqrt_G_beta_true_uncapped,21,0.1,0.001,True,sample07.pathological.fa,pathological,0.10387227,clear
SIWKL_inverse_sqrt_G_beta_true_uncapped,21,0.1,0.001,True,sample08.pathological.fa,pathological,0.10193880,clear
SIWKL_inverse_sqrt_G_beta_true_uncapped,21,0.1,0.001,True,sample09.pathological.fa,pathological,0.10323798,clear
SIWKL_inverse_sqrt_G_beta_true_uncapped,21,0.1,0.001,True,sample10.pathological.fa,pathological,0.10060198,clear
SIWKL_inverse_sqrt_G_beta_true_uncapped,21,0.1,0.01,True,sample01.functional.fa,functional,-0.03911065,possibly_misplaced
SIWKL_inverse_sqrt_G_beta_true_uncapped,21,0.1,0.01,True,sample02.functional.fa,functional,-0.03919806,possibly_misplaced
SIWKL_inverse_sqrt_G_beta_true_uncapped,21,0.1,0.01,True,sample03.functional.fa,functional,-0.04244811,possibly_misplaced
SIWKL_inverse_sqrt_G_beta_true_uncapped,21,0.1,0.01,True,sample04.functional.fa,functional,-0.03703801,possibly_misplaced
SIWKL_inverse_sqrt_G_beta_true_uncapped,21,0.1,0.01,True,sample05.functional.fa,functional,-0.04343006,possibly_misplaced
SIWKL_inverse_sqrt_G_beta_true_uncapped,21,0.1,0.01,True,sample06.pathological.fa,pathological,0.09934469,weak_ambiguous
SIWKL_inverse_sqrt_G_beta_true_uncapped,21,0.1,0.01,True,sample07.pathological.fa,pathological,0.10403085,clear
SIWKL_inverse_sqrt_G_beta_true_uncapped,21,0.1,0.01,True,sample08.pathological.fa,pathological,0.10210245,clear
SIWKL_inverse_sqrt_G_beta_true_uncapped,21,0.1,0.01,True,sample09.pathological.fa,pathological,0.10340898,clear
SIWKL_inverse_sqrt_G_beta_true_uncapped,21,0.1,0.01,True,sample10.pathological.fa,pathological,0.10075934,clear
SIWKL_inverse_sqrt_G_beta_true_uncapped,21,0.1,0.1,True,sample01.functional.fa,functional,-0.03900262,possibly_misplaced
SIWKL_inverse_sqrt_G_beta_true_uncapped,21,0.1,0.1,True,sample02.functional.fa,functional,-0.03910800,possibly_misplaced
SIWKL_inverse_sqrt_G_beta_true_uncapped,21,0.1,0.1,True,sample03.functional.fa,functional,-0.04234514,possibly_misplaced
SIWKL_inverse_sqrt_G_beta_true_uncapped,21,0.1,0.1,True,sample04.functional.fa,functional,-0.03687447,possibly_misplaced
SIWKL_inverse_sqrt_G_beta_true_uncapped,21,0.1,0.1,True,sample05.functional.fa,functional,-0.04343940,possibly_misplaced
SIWKL_inverse_sqrt_G_beta_true_uncapped,21,0.1,0.1,True,sample06.pathological.fa,pathological,0.10074452,clear
SIWKL_inverse_sqrt_G_beta_true_uncapped,21,0.1,0.1,True,sample07.pathological.fa,pathological,0.10555041,clear
SIWKL_inverse_sqrt_G_beta_true_uncapped,21,0.1,0.1,True,sample08.pathological.fa,pathological,0.10367060,clear
SIWKL_inverse_sqrt_G_beta_true_uncapped,21,0.1,0.1,True,sample09.pathological.fa,pathological,0.10504802,clear
SIWKL_inverse_sqrt_G_beta_true_uncapped,21,0.1,0.1,True,sample10.pathological.fa,pathological,0.10226721,clear
SIWKL_inverse_sqrt_G_beta_true_uncapped,21,0.1,1.0,True,sample01.functional.fa,functional,-0.03856284,possibly_misplaced
SIWKL_inverse_sqrt_G_beta_true_uncapped,21,0.1,1.0,True,sample02.functional.fa,functional,-0.03876355,possibly_misplaced
SIWKL_inverse_sqrt_G_beta_true_uncapped,21,0.1,1.0,True,sample03.functional.fa,functional,-0.04191210,possibly_misplaced
SIWKL_inverse_sqrt_G_beta_true_uncapped,21,0.1,1.0,True,sample04.functional.fa,functional,-0.03600765,possibly_misplaced
SIWKL_inverse_sqrt_G_beta_true_uncapped,21,0.1,1.0,True,sample05.functional.fa,functional,-0.04373411,possibly_misplaced
SIWKL_inverse_sqrt_G_beta_true_uncapped,21,0.1,1.0,True,sample06.pathological.fa,pathological,0.11079060,clear
SIWKL_inverse_sqrt_G_beta_true_uncapped,21,0.1,1.0,True,sample07.pathological.fa,pathological,0.11639629,clear
SIWKL_inverse_sqrt_G_beta_true_uncapped,21,0.1,1.0,True,sample08.pathological.fa,pathological,0.11485692,clear
SIWKL_inverse_sqrt_G_beta_true_uncapped,21,0.1,1.0,True,sample09.pathological.fa,pathological,0.11676346,clear
SIWKL_inverse_sqrt_G_beta_true_uncapped,21,0.1,1.0,True,sample10.pathological.fa,pathological,0.11303422,clear
SIWKL_inverse_sqrt_G_beta_true_uncapped,21,1.0,0.001,True,sample01.functional.fa,functional,-0.04075539,possibly_misplaced
SIWKL_inverse_sqrt_G_beta_true_uncapped,21,1.0,0.001,True,sample02.functional.fa,functional,-0.04134757,possibly_misplaced
SIWKL_inverse_sqrt_G_beta_true_uncapped,21,1.0,0.001,True,sample03.functional.fa,functional,-0.04424087,possibly_misplaced
SIWKL_inverse_sqrt_G_beta_true_uncapped,21,1.0,0.001,True,sample04.functional.fa,functional,-0.03916563,possibly_misplaced
SIWKL_inverse_sqrt_G_beta_true_uncapped,21,1.0,0.001,True,sample05.functional.fa,functional,-0.04586810,possibly_misplaced
SIWKL_inverse_sqrt_G_beta_true_uncapped,21,1.0,0.001,True,sample06.pathological.fa,pathological,0.10158998,clear
SIWKL_inverse_sqrt_G_beta_true_uncapped,21,1.0,0.001,True,sample07.pathological.fa,pathological,0.10646739,clear
SIWKL_inverse_sqrt_G_beta_true_uncapped,21,1.0,0.001,True,sample08.pathological.fa,pathological,0.10445954,clear
SIWKL_inverse_sqrt_G_beta_true_uncapped,21,1.0,0.001,True,sample09.pathological.fa,pathological,0.10553703,clear
SIWKL_inverse_sqrt_G_beta_true_uncapped,21,1.0,0.001,True,sample10.pathological.fa,pathological,0.10337342,clear
SIWKL_inverse_sqrt_G_beta_true_uncapped,21,1.0,0.01,True,sample01.functional.fa,functional,-0.04074903,possibly_misplaced
SIWKL_inverse_sqrt_G_beta_true_uncapped,21,1.0,0.01,True,sample02.functional.fa,functional,-0.04134388,possibly_misplaced
SIWKL_inverse_sqrt_G_beta_true_uncapped,21,1.0,0.01,True,sample03.functional.fa,functional,-0.04423472,possibly_misplaced
SIWKL_inverse_sqrt_G_beta_true_uncapped,21,1.0,0.01,True,sample04.functional.fa,functional,-0.03915426,possibly_misplaced
SIWKL_inverse_sqrt_G_beta_true_uncapped,21,1.0,0.01,True,sample05.functional.fa,functional,-0.04587579,possibly_misplaced
SIWKL_inverse_sqrt_G_beta_true_uncapped,21,1.0,0.01,True,sample06.pathological.fa,pathological,0.10174251,clear
SIWKL_inverse_sqrt_G_beta_true_uncapped,21,1.0,0.01,True,sample07.pathological.fa,pathological,0.10663309,clear
SIWKL_inverse_sqrt_G_beta_true_uncapped,21,1.0,0.01,True,sample08.pathological.fa,pathological,0.10463008,clear
SIWKL_inverse_sqrt_G_beta_true_uncapped,21,1.0,0.01,True,sample09.pathological.fa,pathological,0.10571421,clear
SIWKL_inverse_sqrt_G_beta_true_uncapped,21,1.0,0.01,True,sample10.pathological.fa,pathological,0.10353829,clear
SIWKL_inverse_sqrt_G_beta_true_uncapped,21,1.0,0.1,True,sample01.functional.fa,functional,-0.04069369,possibly_misplaced
SIWKL_inverse_sqrt_G_beta_true_uncapped,21,1.0,0.1,True,sample02.functional.fa,functional,-0.04131313,possibly_misplaced
SIWKL_inverse_sqrt_G_beta_true_uncapped,21,1.0,0.1,True,sample03.functional.fa,functional,-0.04418040,possibly_misplaced
SIWKL_inverse_sqrt_G_beta_true_uncapped,21,1.0,0.1,True,sample04.functional.fa,functional,-0.03905001,possibly_misplaced
SIWKL_inverse_sqrt_G_beta_true_uncapped,21,1.0,0.1,True,sample05.functional.fa,functional,-0.04595301,possibly_misplaced
SIWKL_inverse_sqrt_G_beta_true_uncapped,21,1.0,0.1,True,sample06.pathological.fa,pathological,0.10320502,clear
SIWKL_inverse_sqrt_G_beta_true_uncapped,21,1.0,0.1,True,sample07.pathological.fa,pathological,0.10822094,clear
SIWKL_inverse_sqrt_G_beta_true_uncapped,21,1.0,0.1,True,sample08.pathological.fa,pathological,0.10626413,clear
SIWKL_inverse_sqrt_G_beta_true_uncapped,21,1.0,0.1,True,sample09.pathological.fa,pathological,0.10741244,clear
SIWKL_inverse_sqrt_G_beta_true_uncapped,21,1.0,0.1,True,sample10.pathological.fa,pathological,0.10511817,clear
SIWKL_inverse_sqrt_G_beta_true_uncapped,21,1.0,1.0,True,sample01.functional.fa,functional,-0.04064884,possibly_misplaced
SIWKL_inverse_sqrt_G_beta_true_uncapped,21,1.0,1.0,True,sample02.functional.fa,functional,-0.04139671,possibly_misplaced
SIWKL_inverse_sqrt_G_beta_true_uncapped,21,1.0,1.0,True,sample03.functional.fa,functional,-0.04409637,possibly_misplaced
SIWKL_inverse_sqrt_G_beta_true_uncapped,21,1.0,1.0,True,sample04.functional.fa,functional,-0.03861420,possibly_misplaced
SIWKL_inverse_sqrt_G_beta_true_uncapped,21,1.0,1.0,True,sample05.functional.fa,functional,-0.04674128,possibly_misplaced
SIWKL_inverse_sqrt_G_beta_true_uncapped,21,1.0,1.0,True,sample06.pathological.fa,pathological,0.11370419,clear
SIWKL_inverse_sqrt_G_beta_true_uncapped,21,1.0,1.0,True,sample07.pathological.fa,pathological,0.11956108,clear
SIWKL_inverse_sqrt_G_beta_true_uncapped,21,1.0,1.0,True,sample08.pathological.fa,pathological,0.11792686,clear
SIWKL_inverse_sqrt_G_beta_true_uncapped,21,1.0,1.0,True,sample09.pathological.fa,pathological,0.11955512,clear
SIWKL_inverse_sqrt_G_beta_true_uncapped,21,1.0,1.0,True,sample10.pathological.fa,pathological,0.11640504,clear
SIWKL_inverse_sqrt_G_beta_true_uncapped,31,0.001,0.001,True,sample01.functional.fa,functional,-0.06084709,possibly_misplaced
SIWKL_inverse_sqrt_G_beta_true_uncapped,31,0.001,0.001,True,sample02.functional.fa,functional,-0.05990481,possibly_misplaced
SIWKL_inverse_sqrt_G_beta_true_uncapped,31,0.001,0.001,True,sample03.functional.fa,functional,-0.06156746,possibly_misplaced
SIWKL_inverse_sqrt_G_beta_true_uncapped,31,0.001,0.001,True,sample04.functional.fa,functional,-0.05886895,possibly_misplaced
SIWKL_inverse_sqrt_G_beta_true_uncapped,31,0.001,0.001,True,sample05.functional.fa,functional,-0.06815569,possibly_misplaced
SIWKL_inverse_sqrt_G_beta_true_uncapped,31,0.001,0.001,True,sample06.pathological.fa,pathological,0.13530254,clear
SIWKL_inverse_sqrt_G_beta_true_uncapped,31,0.001,0.001,True,sample07.pathological.fa,pathological,0.13883489,clear
SIWKL_inverse_sqrt_G_beta_true_uncapped,31,0.001,0.001,True,sample08.pathological.fa,pathological,0.13660776,clear
SIWKL_inverse_sqrt_G_beta_true_uncapped,31,0.001,0.001,True,sample09.pathological.fa,pathological,0.14091565,clear
SIWKL_inverse_sqrt_G_beta_true_uncapped,31,0.001,0.001,True,sample10.pathological.fa,pathological,0.14105532,clear
SIWKL_inverse_sqrt_G_beta_true_uncapped,31,0.001,0.01,True,sample01.functional.fa,functional,-0.06084080,possibly_misplaced
SIWKL_inverse_sqrt_G_beta_true_uncapped,31,0.001,0.01,True,sample02.functional.fa,functional,-0.05989100,possibly_misplaced
SIWKL_inverse_sqrt_G_beta_true_uncapped,31,0.001,0.01,True,sample03.functional.fa,functional,-0.06155025,possibly_misplaced
SIWKL_inverse_sqrt_G_beta_true_uncapped,31,0.001,0.01,True,sample04.functional.fa,functional,-0.05885125,possibly_misplaced
SIWKL_inverse_sqrt_G_beta_true_uncapped,31,0.001,0.01,True,sample05.functional.fa,functional,-0.06815782,possibly_misplaced
SIWKL_inverse_sqrt_G_beta_true_uncapped,31,0.001,0.01,True,sample06.pathological.fa,pathological,0.13547683,clear
SIWKL_inverse_sqrt_G_beta_true_uncapped,31,0.001,0.01,True,sample07.pathological.fa,pathological,0.13902166,clear
SIWKL_inverse_sqrt_G_beta_true_uncapped,31,0.001,0.01,True,sample08.pathological.fa,pathological,0.13680251,clear
SIWKL_inverse_sqrt_G_beta_true_uncapped,31,0.001,0.01,True,sample09.pathological.fa,pathological,0.14111859,clear
SIWKL_inverse_sqrt_G_beta_true_uncapped,31,0.001,0.01,True,sample10.pathological.fa,pathological,0.14124923,clear
SIWKL_inverse_sqrt_G_beta_true_uncapped,31,0.001,0.1,True,sample01.functional.fa,functional,-0.06078642,possibly_misplaced
SIWKL_inverse_sqrt_G_beta_true_uncapped,31,0.001,0.1,True,sample02.functional.fa,functional,-0.05976467,possibly_misplaced
SIWKL_inverse_sqrt_G_beta_true_uncapped,31,0.001,0.1,True,sample03.functional.fa,functional,-0.06139177,possibly_misplaced
SIWKL_inverse_sqrt_G_beta_true_uncapped,31,0.001,0.1,True,sample04.functional.fa,functional,-0.05868796,possibly_misplaced
SIWKL_inverse_sqrt_G_beta_true_uncapped,31,0.001,0.1,True,sample05.functional.fa,functional,-0.06818296,possibly_misplaced
SIWKL_inverse_sqrt_G_beta_true_uncapped,31,0.001,0.1,True,sample06.pathological.fa,pathological,0.13714745,clear
SIWKL_inverse_sqrt_G_beta_true_uncapped,31,0.001,0.1,True,sample07.pathological.fa,pathological,0.14081061,clear
SIWKL_inverse_sqrt_G_beta_true_uncapped,31,0.001,0.1,True,sample08.pathological.fa,pathological,0.13866764,clear
SIWKL_inverse_sqrt_G_beta_true_uncapped,31,0.001,0.1,True,sample09.pathological.fa,pathological,0.14306271,clear
SIWKL_inverse_sqrt_G_beta_true_uncapped,31,0.001,0.1,True,sample10.pathological.fa,pathological,0.14310629,clear
SIWKL_inverse_sqrt_G_beta_true_uncapped,31,0.001,1.0,True,sample01.functional.fa,functional,-0.06075900,possibly_misplaced
SIWKL_inverse_sqrt_G_beta_true_uncapped,31,0.001,1.0,True,sample02.functional.fa,functional,-0.05923799,possibly_misplaced
SIWKL_inverse_sqrt_G_beta_true_uncapped,31,0.001,1.0,True,sample03.functional.fa,functional,-0.06065793,possibly_misplaced
SIWKL_inverse_sqrt_G_beta_true_uncapped,31,0.001,1.0,True,sample04.functional.fa,functional,-0.05791685,possibly_misplaced
SIWKL_inverse_sqrt_G_beta_true_uncapped,31,0.001,1.0,True,sample05.functional.fa,functional,-0.06866263,possibly_misplaced
SIWKL_inverse_sqrt_G_beta_true_uncapped,31,0.001,1.0,True,sample06.pathological.fa,pathological,0.14909854,clear
SIWKL_inverse_sqrt_G_beta_true_uncapped,31,0.001,1.0,True,sample07.pathological.fa,pathological,0.15353107,clear
SIWKL_inverse_sqrt_G_beta_true_uncapped,31,0.001,1.0,True,sample08.pathological.fa,pathological,0.15191924,clear
SIWKL_inverse_sqrt_G_beta_true_uncapped,31,0.001,1.0,True,sample09.pathological.fa,pathological,0.15689348,clear
SIWKL_inverse_sqrt_G_beta_true_uncapped,31,0.001,1.0,True,sample10.pathological.fa,pathological,0.15629584,clear
SIWKL_inverse_sqrt_G_beta_true_uncapped,31,0.01,0.001,True,sample01.functional.fa,functional,-0.06097438,possibly_misplaced
SIWKL_inverse_sqrt_G_beta_true_uncapped,31,0.01,0.001,True,sample02.functional.fa,functional,-0.06003433,possibly_misplaced
SIWKL_inverse_sqrt_G_beta_true_uncapped,31,0.01,0.001,True,sample03.functional.fa,functional,-0.06164692,possibly_misplaced
SIWKL_inverse_sqrt_G_beta_true_uncapped,31,0.01,0.001,True,sample04.functional.fa,functional,-0.05898205,possibly_misplaced
SIWKL_inverse_sqrt_G_beta_true_uncapped,31,0.01,0.001,True,sample05.functional.fa,functional,-0.06828713,possibly_misplaced
SIWKL_inverse_sqrt_G_beta_true_uncapped,31,0.01,0.001,True,sample06.pathological.fa,pathological,0.13546547,clear
SIWKL_inverse_sqrt_G_beta_true_uncapped,31,0.01,0.001,True,sample07.pathological.fa,pathological,0.13900041,clear
SIWKL_inverse_sqrt_G_beta_true_uncapped,31,0.01,0.001,True,sample08.pathological.fa,pathological,0.13677878,clear
SIWKL_inverse_sqrt_G_beta_true_uncapped,31,0.01,0.001,True,sample09.pathological.fa,pathological,0.14109758,clear
SIWKL_inverse_sqrt_G_beta_true_uncapped,31,0.01,0.001,True,sample10.pathological.fa,pathological,0.14124301,clear
SIWKL_inverse_sqrt_G_beta_true_uncapped,31,0.01,0.01,True,sample01.functional.fa,functional,-0.06096852,possibly_misplaced
SIWKL_inverse_sqrt_G_beta_true_uncapped,31,0.01,0.01,True,sample02.functional.fa,functional,-0.06002089,possibly_misplaced
SIWKL_inverse_sqrt_G_beta_true_uncapped,31,0.01,0.01,True,sample03.functional.fa,functional,-0.06162993,possibly_misplaced
SIWKL_inverse_sqrt_G_beta_true_uncapped,31,0.01,0.01,True,sample04.functional.fa,functional,-0.05896467,possibly_misplaced
SIWKL_inverse_sqrt_G_beta_true_uncapped,31,0.01,0.01,True,sample05.functional.fa,functional,-0.06828963,possibly_misplaced
SIWKL_inverse_sqrt_G_beta_true_uncapped,31,0.01,0.01,True,sample06.pathological.fa,pathological,0.13564021,clear
SIWKL_inverse_sqrt_G_beta_true_uncapped,31,0.01,0.01,True,sample07.pathological.fa,pathological,0.13918763,clear
SIWKL_inverse_sqrt_G_beta_true_uncapped,31,0.01,0.01,True,sample08.pathological.fa,pathological,0.13697399,clear
SIWKL_inverse_sqrt_G_beta_true_uncapped,31,0.01,0.01,True,sample09.pathological.fa,pathological,0.14130101,clear
SIWKL_inverse_sqrt_G_beta_true_uncapped,31,0.01,0.01,True,sample10.pathological.fa,pathological,0.14143741,clear
SIWKL_inverse_sqrt_G_beta_true_uncapped,31,0.01,0.1,True,sample01.functional.fa,functional,-0.06091819,possibly_misplaced
SIWKL_inverse_sqrt_G_beta_true_uncapped,31,0.01,0.1,True,sample02.functional.fa,functional,-0.05989813,possibly_misplaced
SIWKL_inverse_sqrt_G_beta_true_uncapped,31,0.01,0.1,True,sample03.functional.fa,functional,-0.06147347,possibly_misplaced
SIWKL_inverse_sqrt_G_beta_true_uncapped,31,0.01,0.1,True,sample04.functional.fa,functional,-0.05880445,possibly_misplaced
SIWKL_inverse_sqrt_G_beta_true_uncapped,31,0.01,0.1,True,sample05.functional.fa,functional,-0.06831833,possibly_misplaced
SIWKL_inverse_sqrt_G_beta_true_uncapped,31,0.01,0.1,True,sample06.pathological.fa,pathological,0.13731508,clear
SIWKL_inverse_sqrt_G_beta_true_uncapped,31,0.01,0.1,True,sample07.pathological.fa,pathological,0.14098087,clear
SIWKL_inverse_sqrt_G_beta_true_uncapped,31,0.01,0.1,True,sample08.pathological.fa,pathological,0.13884354,clear
SIWKL_inverse_sqrt_G_beta_true_uncapped,31,0.01,0.1,True,sample09.pathological.fa,pathological,0.14324982,clear
SIWKL_inverse_sqrt_G_beta_true_uncapped,31,0.01,0.1,True,sample10.pathological.fa,pathological,0.14329923,clear
SIWKL_inverse_sqrt_G_beta_true_uncapped,31,0.01,1.0,True,sample01.functional.fa,functional,-0.06092110,possibly_misplaced
SIWKL_inverse_sqrt_G_beta_true_uncapped,31,0.01,1.0,True,sample02.functional.fa,functional,-0.05939708,possibly_misplaced
SIWKL_inverse_sqrt_G_beta_true_uncapped,31,0.01,1.0,True,sample03.functional.fa,functional,-0.06075380,possibly_misplaced
SIWKL_inverse_sqrt_G_beta_true_uncapped,31,0.01,1.0,True,sample04.functional.fa,functional,-0.05805530,possibly_misplaced
SIWKL_inverse_sqrt_G_beta_true_uncapped,31,0.01,1.0,True,sample05.functional.fa,functional,-0.06882363,possibly_misplaced
SIWKL_inverse_sqrt_G_beta_true_uncapped,31,0.01,1.0,True,sample06.pathological.fa,pathological,0.14929676,clear
SIWKL_inverse_sqrt_G_beta_true_uncapped,31,0.01,1.0,True,sample07.pathological.fa,pathological,0.15373219,clear
SIWKL_inverse_sqrt_G_beta_true_uncapped,31,0.01,1.0,True,sample08.pathological.fa,pathological,0.15212689,clear
SIWKL_inverse_sqrt_G_beta_true_uncapped,31,0.01,1.0,True,sample09.pathological.fa,pathological,0.15711440,clear
SIWKL_inverse_sqrt_G_beta_true_uncapped,31,0.01,1.0,True,sample10.pathological.fa,pathological,0.15652276,clear
SIWKL_inverse_sqrt_G_beta_true_uncapped,31,0.1,0.001,True,sample01.functional.fa,functional,-0.06129239,possibly_misplaced
SIWKL_inverse_sqrt_G_beta_true_uncapped,31,0.1,0.001,True,sample02.functional.fa,functional,-0.06035712,possibly_misplaced
SIWKL_inverse_sqrt_G_beta_true_uncapped,31,0.1,0.001,True,sample03.functional.fa,functional,-0.06184486,possibly_misplaced
SIWKL_inverse_sqrt_G_beta_true_uncapped,31,0.1,0.001,True,sample04.functional.fa,functional,-0.05926278,possibly_misplaced
SIWKL_inverse_sqrt_G_beta_true_uncapped,31,0.1,0.001,True,sample05.functional.fa,functional,-0.06861473,possibly_misplaced
SIWKL_inverse_sqrt_G_beta_true_uncapped,31,0.1,0.001,True,sample06.pathological.fa,pathological,0.13587038,clear
SIWKL_inverse_sqrt_G_beta_true_uncapped,31,0.1,0.001,True,sample07.pathological.fa,pathological,0.13941229,clear
SIWKL_inverse_sqrt_G_beta_true_uncapped,31,0.1,0.001,True,sample08.pathological.fa,pathological,0.13720451,clear
SIWKL_inverse_sqrt_G_beta_true_uncapped,31,0.1,0.001,True,sample09.pathological.fa,pathological,0.14155073,clear
SIWKL_inverse_sqrt_G_beta_true_uncapped,31,0.1,0.001,True,sample10.pathological.fa,pathological,0.14170921,clear
SIWKL_inverse_sqrt_G_beta_true_uncapped,31,0.1,0.01,True,sample01.functional.fa,functional,-0.06128758,possibly_misplaced
SIWKL_inverse_sqrt_G_beta_true_uncapped,31,0.1,0.01,True,sample02.functional.fa,functional,-0.06034461,possibly_misplaced
SIWKL_inverse_sqrt_G_beta_true_uncapped,31,0.1,0.01,True,sample03.functional.fa,functional,-0.06182840,possibly_misplaced
SIWKL_inverse_sqrt_G_beta_true_uncapped,31,0.1,0.01,True,sample04.functional.fa,functional,-0.05924619,possibly_misplaced
SIWKL_inverse_sqrt_G_beta_true_uncapped,31,0.1,0.01,True,sample05.functional.fa,functional,-0.06861816,possibly_misplaced
SIWKL_inverse_sqrt_G_beta_true_uncapped,31,0.1,0.01,True,sample06.pathological.fa,pathological,0.13604622,clear
SIWKL_inverse_sqrt_G_beta_true_uncapped,31,0.1,0.01,True,sample07.pathological.fa,pathological,0.13960062,clear
SIWKL_inverse_sqrt_G_beta_true_uncapped,31,0.1,0.01,True,sample08.pathological.fa,pathological,0.13740087,clear
SIWKL_inverse_sqrt_G_beta_true_uncapped,31,0.1,0.01,True,sample09.pathological.fa,pathological,0.14175538,clear
SIWKL_inverse_sqrt_G_beta_true_uncapped,31,0.1,0.01,True,sample10.pathological.fa,pathological,0.14190485,clear
SIWKL_inverse_sqrt_G_beta_true_uncapped,31,0.1,0.1,True,sample01.functional.fa,functional,-0.06124740,possibly_misplaced
SIWKL_inverse_sqrt_G_beta_true_uncapped,31,0.1,0.1,True,sample02.functional.fa,functional,-0.06023073,possibly_misplaced
SIWKL_inverse_sqrt_G_beta_true_uncapped,31,0.1,0.1,True,sample03.functional.fa,functional,-0.06167703,possibly_misplaced
SIWKL_inverse_sqrt_G_beta_true_uncapped,31,0.1,0.1,True,sample04.functional.fa,functional,-0.05909360,possibly_misplaced
SIWKL_inverse_sqrt_G_beta_true_uncapped,31,0.1,0.1,True,sample05.functional.fa,functional,-0.06865574,possibly_misplaced
SIWKL_inverse_sqrt_G_beta_true_uncapped,31,0.1,0.1,True,sample06.pathological.fa,pathological,0.13773169,clear
SIWKL_inverse_sqrt_G_beta_true_uncapped,31,0.1,0.1,True,sample07.pathological.fa,pathological,0.14140456,clear
SIWKL_inverse_sqrt_G_beta_true_uncapped,31,0.1,0.1,True,sample08.pathological.fa,pathological,0.13928142,clear
SIWKL_inverse_sqrt_G_beta_true_uncapped,31,0.1,0.1,True,sample09.pathological.fa,pathological,0.14371587,clear
SIWKL_inverse_sqrt_G_beta_true_uncapped,31,0.1,0.1,True,sample10.pathological.fa,pathological,0.14377848,clear
SIWKL_inverse_sqrt_G_beta_true_uncapped,31,0.1,1.0,True,sample01.functional.fa,functional,-0.06132612,possibly_misplaced
SIWKL_inverse_sqrt_G_beta_true_uncapped,31,0.1,1.0,True,sample02.functional.fa,functional,-0.05979366,possibly_misplaced
SIWKL_inverse_sqrt_G_beta_true_uncapped,31,0.1,1.0,True,sample03.functional.fa,functional,-0.06099280,possibly_misplaced
SIWKL_inverse_sqrt_G_beta_true_uncapped,31,0.1,1.0,True,sample04.functional.fa,functional,-0.05839906,possibly_misplaced
SIWKL_inverse_sqrt_G_beta_true_uncapped,31,0.1,1.0,True,sample05.functional.fa,functional,-0.06922493,possibly_misplaced
SIWKL_inverse_sqrt_G_beta_true_uncapped,31,0.1,1.0,True,sample06.pathological.fa,pathological,0.14978963,clear
SIWKL_inverse_sqrt_G_beta_true_uncapped,31,0.1,1.0,True,sample07.pathological.fa,pathological,0.15423277,clear
SIWKL_inverse_sqrt_G_beta_true_uncapped,31,0.1,1.0,True,sample08.pathological.fa,pathological,0.15264388,clear
SIWKL_inverse_sqrt_G_beta_true_uncapped,31,0.1,1.0,True,sample09.pathological.fa,pathological,0.15766456,clear
SIWKL_inverse_sqrt_G_beta_true_uncapped,31,0.1,1.0,True,sample10.pathological.fa,pathological,0.15708655,clear
SIWKL_inverse_sqrt_G_beta_true_uncapped,31,1.0,0.001,True,sample01.functional.fa,functional,-0.06219814,possibly_misplaced
SIWKL_inverse_sqrt_G_beta_true_uncapped,31,1.0,0.001,True,sample02.functional.fa,functional,-0.06125850,possibly_misplaced
SIWKL_inverse_sqrt_G_beta_true_uncapped,31,1.0,0.001,True,sample03.functional.fa,functional,-0.06240203,possibly_misplaced
SIWKL_inverse_sqrt_G_beta_true_uncapped,31,1.0,0.001,True,sample04.functional.fa,functional,-0.06003179,possibly_misplaced
SIWKL_inverse_sqrt_G_beta_true_uncapped,31,1.0,0.001,True,sample05.functional.fa,functional,-0.06952534,possibly_misplaced
SIWKL_inverse_sqrt_G_beta_true_uncapped,31,1.0,0.001,True,sample06.pathological.fa,pathological,0.13699012,clear
SIWKL_inverse_sqrt_G_beta_true_uncapped,31,1.0,0.001,True,sample07.pathological.fa,pathological,0.14055209,clear
SIWKL_inverse_sqrt_G_beta_true_uncapped,31,1.0,0.001,True,sample08.pathological.fa,pathological,0.13838297,clear
SIWKL_inverse_sqrt_G_beta_true_uncapped,31,1.0,0.001,True,sample09.pathological.fa,pathological,0.14280105,clear
SIWKL_inverse_sqrt_G_beta_true_uncapped,31,1.0,0.001,True,sample10.pathological.fa,pathological,0.14298957,clear
SIWKL_inverse_sqrt_G_beta_true_uncapped,31,1.0,0.01,True,sample01.functional.fa,functional,-0.06219633,possibly_misplaced
SIWKL_inverse_sqrt_G_beta_true_uncapped,31,1.0,0.01,True,sample02.functional.fa,functional,-0.06124860,possibly_misplaced
SIWKL_inverse_sqrt_G_beta_true_uncapped,31,1.0,0.01,True,sample03.functional.fa,functional,-0.06238709,possibly_misplaced
SIWKL_inverse_sqrt_G_beta_true_uncapped,31,1.0,0.01,True,sample04.functional.fa,functional,-0.06001740,possibly_misplaced
SIWKL_inverse_sqrt_G_beta_true_uncapped,31,1.0,0.01,True,sample05.functional.fa,functional,-0.06953136,possibly_misplaced
SIWKL_inverse_sqrt_G_beta_true_uncapped,31,1.0,0.01,True,sample06.pathological.fa,pathological,0.13716904,clear
SIWKL_inverse_sqrt_G_beta_true_uncapped,31,1.0,0.01,True,sample07.pathological.fa,pathological,0.14074353,clear
SIWKL_inverse_sqrt_G_beta_true_uncapped,31,1.0,0.01,True,sample08.pathological.fa,pathological,0.13858252,clear
SIWKL_inverse_sqrt_G_beta_true_uncapped,31,1.0,0.01,True,sample09.pathological.fa,pathological,0.14300908,clear
SIWKL_inverse_sqrt_G_beta_true_uncapped,31,1.0,0.01,True,sample10.pathological.fa,pathological,0.14318862,clear
SIWKL_inverse_sqrt_G_beta_true_uncapped,31,1.0,0.1,True,sample01.functional.fa,functional,-0.06218504,possibly_misplaced
SIWKL_inverse_sqrt_G_beta_true_uncapped,31,1.0,0.1,True,sample02.functional.fa,functional,-0.06115975,possibly_misplaced
SIWKL_inverse_sqrt_G_beta_true_uncapped,31,1.0,0.1,True,sample03.functional.fa,functional,-0.06225030,possibly_misplaced
SIWKL_inverse_sqrt_G_beta_true_uncapped,31,1.0,0.1,True,sample04.functional.fa,functional,-0.05988587,possibly_misplaced
SIWKL_inverse_sqrt_G_beta_true_uncapped,31,1.0,0.1,True,sample05.functional.fa,functional,-0.06959377,possibly_misplaced
SIWKL_inverse_sqrt_G_beta_true_uncapped,31,1.0,0.1,True,sample06.pathological.fa,pathological,0.13888407,clear
SIWKL_inverse_sqrt_G_beta_true_uncapped,31,1.0,0.1,True,sample07.pathological.fa,pathological,0.14257725,clear
SIWKL_inverse_sqrt_G_beta_true_uncapped,31,1.0,0.1,True,sample08.pathological.fa,pathological,0.14049374,clear
SIWKL_inverse_sqrt_G_beta_true_uncapped,31,1.0,0.1,True,sample09.pathological.fa,pathological,0.14500194,clear
SIWKL_inverse_sqrt_G_beta_true_uncapped,31,1.0,0.1,True,sample10.pathological.fa,pathological,0.14509490,clear
SIWKL_inverse_sqrt_G_beta_true_uncapped,31,1.0,1.0,True,sample01.functional.fa,functional,-0.06248008,possibly_misplaced
SIWKL_inverse_sqrt_G_beta_true_uncapped,31,1.0,1.0,True,sample02.functional.fa,functional,-0.06090359,possibly_misplaced
SIWKL_inverse_sqrt_G_beta_true_uncapped,31,1.0,1.0,True,sample03.functional.fa,functional,-0.06166865,possibly_misplaced
SIWKL_inverse_sqrt_G_beta_true_uncapped,31,1.0,1.0,True,sample04.functional.fa,functional,-0.05934263,possibly_misplaced
SIWKL_inverse_sqrt_G_beta_true_uncapped,31,1.0,1.0,True,sample05.functional.fa,functional,-0.07034233,possibly_misplaced
SIWKL_inverse_sqrt_G_beta_true_uncapped,31,1.0,1.0,True,sample06.pathological.fa,pathological,0.15115535,clear
SIWKL_inverse_sqrt_G_beta_true_uncapped,31,1.0,1.0,True,sample07.pathological.fa,pathological,0.15562042,clear
SIWKL_inverse_sqrt_G_beta_true_uncapped,31,1.0,1.0,True,sample08.pathological.fa,pathological,0.15407733,clear
SIWKL_inverse_sqrt_G_beta_true_uncapped,31,1.0,1.0,True,sample09.pathological.fa,pathological,0.15918427,clear
SIWKL_inverse_sqrt_G_beta_true_uncapped,31,1.0,1.0,True,sample10.pathological.fa,pathological,0.15863717,clear
